year,Argentina,Australia,Austria,Belgium,Brazil,Canada,Chile,China,Colombia,Denmark,Finland,France,Germany,Greece,Hong Kong,India,Indonesia,Ireland,Israel,Italy,Japan,Korea,Malaysia,Mexico,Netherlands,New Zealand,Norway,Peru,Philippines,Portugal,Singapore,South Africa,Spain,Sri Lanka,Sweden,Switzerland,Taiwan,Thailand,United Kingdom,Venezuela
1791,,,,,,,,,,,,,,,,,,,,,,,,,,,,,,,,,,,,,,,,
1792,,,,,,,,,,,,,,,,,,,,,,,,,,,,,,,,,,,,,,,0.019847291089483125,
1793,,,,,,,,,,,,,,,,,,,,,,,,,,,,,,,,,,,,,,,-0.009423448688442419,
1794,,,,,,,,,,,,,,,,,,,,,,,,,,,,,,,,,,,,,,,-0.05181547521639145,
1795,,,,,,,,,,,,,,,,,,,,,,,,,,,,,,,,,,,,,,,0.04774951072619646,
1796,,,,,,,,,,,,,,,,,,,,,,,,,,,,,,,,,,,,,,,0.05461506860131279,
1797,,,,,,,,,,,,,,,,,,,,,,,,,,,,,,,,,,,,,,,-0.03444857742170847,
1798,,,,,,,,,,,,,,,,,,,,,,,,,,,,,,,,,,,,,,,0.011030334645962597,
1799,,,,,,,,,,,,,,,,,,,,,,,,,,,,,,,,,,,,,,,0.06003078990504774,
1800,,,,,,,,,,,,,,,,,,,,,,,,,,,,,,,,,,,,,,,-0.0957648285959708,
1801,,,,,,,,,,,,,,,,,,,,,,,,,,,,,,,,,,,,,,,0.03748765597503426,
1802,,,,,,,,,,,,,,,,,,,,,,,,,,,,,,,,,,,,,,,-0.023488782075631112,
1803,,,,,,,,,,,,,,,,,,,,,,,,,,,,,,,,,,,,,,,-0.012635547171539117,
1804,,,,,,,,,,,,,,,,,,,,,,,,,,,,,,,,,,,,,,,-0.0022732448980150423,
1805,,,,,,,,,,,,,,,,,,,,,,,,,,,,,,,,,,,,,,,0.04581632953263082,
1806,,,,,,,,,,,,,,,,,,,,,,,,,,,,,,,,,,,,,,,-0.019315789299291633,
1807,,,,,,,,,,,,,,,,,,,,,,,,,,,,,,,,,,,,,,,0.0017714796483820209,
1808,,,,,,,,,,,,,,,,,,,,,,,,,,,,,,,,,,,,,,,-0.04433109406717795,
1809,,,,,,,,,,,,,,,,,,,,,,,,,,,,,,,,,,,,,,,0.011039670537330308,
1810,,,,,,,,,,,,,,,,,,,,,,,,,,,,,,,,,,,,,,,0.06207666434212592,
1811,,,,,,,,,,,,,,,,,,,,,,,,,,,,,,,,,,,,,,,0.11902426367653285,
1812,,,,,,,,,,,,,,,,,,,,,,,,,,,,,,,,,,,,,,,0.053866317201292695,
1813,,,,,,,,,,,,,,,,,,,,,,,,,,,,,,,,,,,,,,,-0.03608638977442098,
1814,,,,,,,,,,,,,,,,,,,,,,,,,,,,,,,,,,,,,,,-0.123140443084698,
1815,,,,,,,,,,,,,,,,,,,,,,,,,,,,,,,,,,,,,,,-0.14535431052286113,
1816,,,,,,,,,,,,,,,,,,,,,,,,,,,,,,,,,,,,,,,-0.0632641985615557,
1817,,,,,,,,,,,,,,,,,,,,,,,,,,,,,,,,,,,,,,,0.12691340824353017,
1818,,,,,,,,,,,,,,,,,,,,,,,,,,,,,,,,,,,,,,,0.02229898994314575,
1819,,,,,,,,,,,,,,,,,,,,,,,,,,,,,,,,,,,,,,,-0.0027039223324009697,
1820,,,,,,,,,,,,,,,,,,,,,,,,,,,,,,,,,,,,,,,-0.0022588670097281652,
1821,,,,,,,,,,,,,,,,,,,,,,,,,,,,,,,,,,,,,,,-0.06396579206797359,
1822,,,,,,,,,,,,,,,,,,,,,,,,,,,,,,,,,,,,,,,-0.0318420239745382,
1823,,,,,,,,,,,,,,,,,,,,,,,,,,,,,,,,,,,,,,,0.03617207644603762,
1824,,,,,,,,,,,,,,,,,,,,,,,,,,,,,,,,,,,,,,,-0.013533314330637095,
1825,,,,,,,,,,,,,,,,,,,,,,,,,,,,,,,,,,,,,,,0.007272759329079878,
1826,,,,,,,,,,,,,,,,,,,,,,,,,,,,,,,,,,,,,,,-0.01803607263106807,
1827,,,,,,,,,,,,,,,,,,,,,,,,,,,,,,,,,,,,,,,-0.0034491288197180084,
1828,,,,,,,,,,,,,,,,,,,,,,,,,,,,,,,,,,,,,,,0.001479655017186074,
1829,,,,,,,,,,,,,,,,,,,,,,,,,,,,,,,,,,,,,,,0.013705549827142482,
1830,,,,,,,,,,,,,,,,,,,,,,,,,,,,,,,,,,,,,,,0.02068873405855718,
1831,,,,,,,,,,,,,,,,,,,,,,,,,,,,,,,,,,,,,,,-0.020202707317519355,
1832,,,,,,,,,,,,,,,,,,,,,,,,,,,,,,,,,,,,,,,0.0,
1833,,,,,,,,,,,,,,,,,,,,,,,,,,,,,,,,,,,,,,,0.014950845162570933,
1834,,,,,,,,,,,,,,,,,,,,,,,,,,,,,,,,,,,,,,,0.03156917047232202,
1835,,,,,,,,,,,,,,,,,,,,,,,,,,,,,,,,,,,,,,,-0.04457826745198258,
1836,,,,,,,,,,,,,,,,,,,,,,,,,,,,,,,,,,,,,,,0.006766579708874121,
1837,,,,,,,,,,,,,,,,,,,,,,,,,,,,,,,,,,,,,,,-0.05698841808943298,
1838,,,,,,,,,,,,,,,,,,,,,,,,,,,,,,,,,,,,,,,0.042920759464943205,
1839,,,,,,,,,,,,,,,,,,,,,,,,,,,,,,,,,,,,,,,-0.02023261713940866,
1840,,,,,,,,,,,,,,,,,,,,,,,,,,,,,,,,,,,,,,,-0.002995508979798451,
1841,,,,,,,,,,,,,,,,,,,,,,,,,,,,,,,,,,,,,,,0.001998002662673058,
1842,,,,,,,,,,,,,,,,,,,,,,,,,,,,,,,,,,,,,,,0.03962367202814642,
1843,,,,,,,,,,,,,,,,,,,,,,,,,,,,,,,,,,,,,,,0.0019166273236641284,
1844,,,,,,,,,,,,,,,,,,,,,,,,,,,,,,,,,,,,,,,-0.014950845162570782,
1845,,,,,,,,,,,,,,,,,,,,,,,,,,,,,,,,,,,,,,,-0.0024324993750613156,
1846,,,,,,,,,,,,,,,,,,,,,,,,,,,,,,,,,,,,,,,0.011140827266845576,
1847,,,,,,,,,,,,,,,,,,,,,,,,,,,,,,,,,,,,,,,0.004805391274938431,
1848,,,,,,,,,,,,,,,,,,,,,,,,,,,,,,,,,,,,,,,-0.015459245072214226,
1849,,,,,,,,,,,,,,,,,,,,,,,,,,,,,,,,,,,,,,,0.01113543338760874,
1850,,,,,,,,,,,,,,,,,,,,,,,,,,,,,,,,,,,,,,,-0.01162240685717865,
1851,,,,,,,,,,,,,,,,,,,,,,,,,,,,,,,,,0.0,,,,,,-0.00880631914223836,
1852,,,,,,,,,,,,,,,,,,,,,,,,,,,,,,,,,0.0,,,,,,0.002453988961566787,
1853,,,,,,,,,,,,,,,,,,,,,,,,,,,,,,,,,-0.020202707317519355,,,,,,0.0029368596733097057,
1854,,,,,,,,,,,,,,,,,,,,,,,,,,,,,,,,,0.0,,,,,,0.0009770396478266119,
1855,,,,,,,,,,,,,,,,,,,,,,,,,,,,,,,,,0.02020270731751947,,,,,,-0.0004884004981089855,
1856,,,,,,,,,,,,,,,,,,,,,,,,,,,,,,,,,0.0,,,,,,-0.0048971694344837665,
1857,,,,,,,,,,,,,,,,,,,,,,,,,,,,,,,,,0.0,,,,,,0.0039196522500962875,
1858,,,,,,,,,,,,,,,,,,,,,,,,,,,,,,,,,0.01980262729617973,,,,,,0.006336847917092836,
1859,,,,,,,,,,,,,,,,,,,,,,,,,,,,,,,,,-0.019802627296179643,,,,,,-0.00829475358415018,
1860,,,,,,,,,,,,,,,,,,,,,,,,,,,,,,,,,-0.020202707317519355,,,,,,0.010236501767060388,
1861,,,,,,,,,,,,,,,,,,,,,,,,,,,,,,,,,0.02020270731751947,,,,,,0.01587716777933285,
1862,,,,,,,,,,,,,,,,,,,,,,,,,,,,,,,,,0.0,,,,,,-0.1523225984057049,
1863,,,,,,,,,,,,,,,,,,,,,,,,,,,,,,,,,0.0,,,,,,-0.2415158512660057,
1864,,,,,,,,,,,,,,,,,,,,,,,,,,,,,,,,,0.01980262729617973,,,,,,-0.342719594722592,
1865,,,,,,,,,,,,,,,,,,,,,,,,,,,,,,,,,-0.019802627296179643,,,,,,0.2593687554876926,
1866,,,,,,,,,,,,,,,,,,,,,,,,,,,,,,,,,0.0,,,,,,0.11195411464383652,
1867,,,,,,,,,,,,,,,,,,,,,,,,,,,,,,,,,0.0,,,,,,0.018399156174334227,
1868,,,,,,,,,,,,,,,,,,,,,,,,,,,,,,,,,0.01980262729617973,,,,,,-0.01086229281663123,
1869,,,,,,,,,,,,,,,,,,,,,,,,,,,,,,,,,-0.019802627296179643,,,,,,0.051225032672107144,
1870,,,,,,,,,,,,,,,,,,,,,,,,,,,,,,,,,0.0,,,,,,0.14913534471152576,
1871,,,,,,,,,,,,,,,,,,,,,,,,,,,,,,,,,-0.020202707317519355,,,,,,0.023192646399274926,
1872,,,,,,,,,,,,,,,,,,,,,,,,,,,,,,,,,0.02020270731751947,,,,,,0.002725539981050012,
1873,,,,,,,,,,,,,,,,,,,,,,,,,,,,,,,,,0.01980262729617973,,,,,,-0.018681862011808405,
1874,,,,,,,,,,,,,,,,,,,,,,,,,,,,,,,,,0.0,,,,,,0.02302733327131027,
1875,,,,,,,,,,,,,,,,,,,,,,,,,,,,,,,,,0.0,,,,,,-0.030822472965908367,
1876,,,,,,,,,,,,,,,,,,,,,,,,,,,,,,,,,0.0,,,,,,0.030280320607820082,
1877,,,,,,,,,,,,,,,,,,,,,,,,,,,,,,,,,0.01941808585710173,,,,,,0.06609641761549495,
1878,,,,,,,,,,,,,,,,,,,,,,,,,,,,,,,,,0.0,,,,,,0.037364246744867775,
1879,,,,,,,,,,,,,,,,,,,,,,,,,,,,,,,,,0.0,,,,,,0.007308193306724622,
1880,,,,,,,,,,,,,,,,,,,,,,,,,,,,,,,,,-0.01941808585710174,,,,,,0.001939864817826676,
1881,,,,,,,,,,,,,,,,,,,,,,,,,,,,,,,,,0.01941808585710173,,,,,,0.00290275965796141,
1882,,,,,,,,,,,,,,,,,,,,,,,,,,,,,,,,,0.01904819497069441,,,,,,-0.00824646924048109,
1883,,,,,,,,,,,,,,,,,,,,,,,,,,,,,,,,,0.0,,,,,,0.004374247557971572,
1884,,,,,,,,,,,,,,,,,,,,,,,,,,,,,,,,,-0.019048194970694363,,,,,,-0.0009704027932785164,
1885,,,,,,,,,,,,,,,,,,,,,,,,,,,,,,,,,0.01904819497069441,,,,,,-0.0004855547558372266,
1886,,,,,,,,,,,,,,,,,,,,,,,,,,,,,,,,,0.0,,,,,,-0.0009718173748323478,
1887,,,,,,,,,,,,,,,,,,,,,,,,,,,,,,,,,-0.019048194970694363,,,,,,0.0019426912375018303,
1888,,,,,,,,,,,,,,,,,,,,,,,,,,,,,,,,,0.01904819497069441,,,,,,-0.0038891638715253824,
1889,,,,,,,,,,,,,,,,,,,,,,,,,,,,,,,,,0.018692133012152546,,,,,,0.0004869734695699828,
1890,,,,,,,,,,,,,,,,,,,,,,,,,,,,,,,,,0.0,,,,,,0.0014594991644535,
1891,,,,,,,,,,,,,,,,,,,,,,,,,,,,,,,,,0.0183491386681964,,,,,,0.0,
1892,,,,,,,,,,,,,,,,,,,,,,,,,,,,,,,,,0.0870113769896297,,,,,,-0.0024336833622969744,
1893,,,,,,,,,,,,,,,,,,,,,,,,,,,,,,,,,0.03278982282299097,,,,,,0.0019474202843956288,
1894,,,,,,,,,,,,,,,,,,,,,,,,,,,,,,,,,0.0,,,,,,-0.002922554442601965,
1895,,,,,,,,,,,,,,,,,,,,,,,,,,,,,,,,,-0.032789822822990956,,,,,,-0.001953125620881962,
1896,,,,,,,,,,,,,,,,,,,,,,,,,,,,,,,,,0.04879016416943205,,,,,,0.0034154705073617775,
1897,,,,,,,,,,,,,,,,,,,,,,,,,,,,,,,,,0.061557892999433365,,,,,,0.0014602095561221987,
1898,,,,,,,,,,,,,,,,,,,,,,,,,,,,,,,,,0.18975653528147265,,,,,,0.0033988864961960845,
1899,,,,,,,,,,,,,,,,,,,,,,,,,,,,,,,,,-0.22006188477680164,,,,,,-0.003398886496196142,
1900,,,,,,,,,,,,,,,,,,,,,,,,,,,,,,,,,0.030305349495329058,,,,,,0.0,
1901,,,,,,,,,,,,,,,,,,,,,,,,,,,,,,,,,0.07197349962508924,,,,,,-0.0019474202843956779,
1902,,,,,,,,,,,,,,,,,,,,,,,,,,,,,,,,,-0.028170876966696335,,,,,,0.00048721072827343214,
1903,,,,,,,,,,,,,,,,,,,,,,,,,,,,,,,,,0.0,,,,,,0.0014602095561221987,
1904,,,,,,,,,,,,,,,,,,,,,,,,,,,,,,,,,0.014184634991956381,,,,,,-0.0009732360865521835,
1905,,,,,,,,,,,,,,,,,,,,,,,,,,,,,,,,,-0.043172171865208664,,,,,,0.0009732360865521751,
1906,,,,,,,,,,,,,,,,,,,,,,,,,,,,,,,,,-0.14197026127038723,,,,,,0.002428954315403296,
1907,,,,,,,,,,,,,,,,,,,,,,,,,,,,,,,,,-0.017094433359300183,,,,,,-0.0014566644964640444,
1908,,,,,,,,,,,,,,,,,,,,,,,,,,,,,,,,,0.0,,,,,,-0.0014587894636600952,
1909,,,,,,,,,,,,,,,,,,,,,,,,,,,,,,,,,-0.03509131981127017,,,,,,-0.0014609206396747599,
1910,,,,,,,,,,,,,,,,,,,,,,,,,,,,,,,,,0.0,,,,,,0.0019474202843956288,
1911,,,,,,,,,,,,,,,,,,,,,,,,,,,,,,,,,0.0,,,,,,0.00048626307790144004,
1912,,,,,,,,,,,,,,,,,,,,,,,,,,,,,,,,,0.0,,,,,,-0.0009727627226221707,
1913,,,,,,,,,,,,,,,,,,,,,,,,,,,,,,,,,0.0,,,,,,-0.0004867364418314189,
1914,,,0.025659289376242102,-0.007196906003623839,,-0.0010005003335835344,,,,0.0048308628011787475,,-0.017317292375285554,0.006403437035207007,,,,,,,-0.013194569471825334,,,,,-0.012230963622478795,,,,,,,,-0.036367644170874715,,,-0.012776015823412588,,,-0.012739025777429714,
1915,,,0.24636763228963146,,,0.004992521603120984,,,,0.03163137288490786,,0.0889558379328434,0.13615796380505238,,,,,,,0.15236164749155934,,,,,0.003000934974434757,,,,,,,,-0.025241837460816523,,,0.037173030706032964,,,0.03583918672582251,
1916,,,0.20098650111853544,,,-0.0019940186068643953,,,,-0.09320997481003677,,0.05553102543859278,0.12547863099234563,-0.022974426960276857,,,,,,0.07940677760441041,,,,,-0.03213541006759784,,-0.10093920183173134,,,,,,-0.05107940838797246,,-0.11119212580224941,-0.020327598947375753,,,-0.0019047624806540586,
1917,0.03256953865552525,,0.11228132272476446,,-0.05224386480133258,0.0,,,,-0.058930602289066256,,-0.021114851908848556,0.04935328822321168,-0.012914057469505299,-0.2244244532441775,,,,,0.13663725147058647,-0.010204170174241736,,,,-0.003728455755090857,,-0.06557156625855709,,,0.03175940324495018,,,-0.12328211817969298,,-0.12233687004544039,-0.09046198426907662,,,0.00047653086439048656,
1918,-0.00010014521063901792,,,,-0.011376629712306555,,-0.05398309693445786,,,-0.006901879445193418,,-0.026012011413765745,0.3088491509208722,0.018581119053407,-0.20333024305311154,,,,,0.0459387258819218,-0.031252543504104426,,,,-0.11413821291965705,,-0.00893507333801555,,,0.043952418490746256,,,-0.08593286424645959,,-0.009992194628449368,-0.085184836803144,,,0.0,
1919,0.011352442176641234,,,,-0.05464959560149622,,0.2717504726200861,,,0.2614681914183147,,0.26348679877474473,1.429971598878277,,,,,,,0.112256045692846,0.03125254350410453,,,,0.18380239432524892,,0.22711431451528022,,,,,,0.2174556389447504,,0.25720277202529634,0.18474290690019432,,,0.07346119664737012,
1920,0.0877290122884898,,,0.5480866492227277,0.17188965525786357,0.06835531966427205,0.20068094769790756,,,0.38937838298559435,,0.6644875498078966,0.5529666067988257,,,,,,,0.8274669730931952,0.020305266160745523,,,,0.12871456466793066,,0.3965948851349784,,,,,,0.21814356077036323,,0.22020188369866037,0.11604564685394625,,,0.18901300424033518,
1921,0.21708441544280363,,,-0.008888024915254684,0.5399565896146502,-0.00268216521993962,0.42959839523015125,,,-0.12054749751788335,,-0.057369629386198016,0.3741264002385309,,,,,,,0.1462600381105398,0.03941396854087663,,,,0.022664052398866572,,0.10336831832080431,,,,,,0.16367934165788495,,-0.1123642975221806,-0.026323393425727218,,,-0.04919332347779362,
1922,-0.11393041398058772,,2.33902825615412,-0.0313342154216746,0.013138190127856185,-0.09575790759331307,-0.01742018612701518,,,-0.1630047771019675,-0.2672772432512081,-0.09536236934182564,1.645790586278485,0.41893608755493444,-0.06351426285134655,,,,,-0.10221675770995219,0.009615458699441973,,-0.14683423987342753,-0.0024324993750613156,-0.13464718504901363,,-0.1604761710294174,,,0.4026576470147905,,,-0.13469772464295687,,-0.13198310827548443,-0.09404068191788416,,,-0.1402624525209375,
1923,0.04040629821478428,,1.9356519488902493,0.38669483828915074,0.23581478276177645,0.004914014802429163,-0.0017980006678515136,0.05561495783211025,,0.13158668766173662,-0.21529156394548132,0.29909865245750417,4.754882065216496,0.6568230019775853,0.05183913680860244,-0.08076135664445847,,,,0.03297850250297916,-0.014458083175229775,,-0.05226917158468944,0.003403844764693294,-0.015557722962854542,,0.04860846555359222,,,0.45006717608682045,,,0.06882770849134497,,-0.014735027721522801,0.05415752532408617,,,-0.03240607597312347,
1924,0.0056413218637447774,,0.0,0.11677119987732,-0.06727668677629838,-0.006886402029633472,0.14925930569979518,-0.0014218386239057037,,0.09363262983631772,0.06764809154186678,0.1495182200008971,15.974225280538619,-0.043328646021547186,0.008165891067899026,-0.018868484304382805,,,,0.05435780068767465,0.1651852745509675,,0.04288278424958206,0.000485319106832289,0.022998404704364248,,0.17888697326307482,,,0.22819911247650132,,,0.08032505632708621,,0.001220774547193046,-0.008979896529345435,,,0.03505977058658969,
1925,-0.15666706043734868,,-9.213868988819543,-0.02429657509581279,-0.10866630379232578,-0.012916225266546176,-0.09563290436171859,-0.07681138960260579,,-0.23397137201732188,-0.0056479850390752,0.09394771038012367,-25.358680972761658,0.13663334654866793,-0.07437034982164009,-0.13217177310848308,,,,0.09135635024147074,0.004106781952653281,,-0.09133061455457267,-0.01762160134981956,-0.04974591307139245,,-0.24909638483885485,,,-0.3979902626409558,,,-0.07278024140902607,,-0.012194784951884224,-0.05880626364058914,,,-0.08910157792748932,
1926,-0.008350587639620693,,-0.0017436550856609562,0.37647878405967566,-0.16857865787832282,0.0,-0.03999609955043707,0.12976856036260875,,-0.21598996679712912,0.00035803163667562555,0.38532109633250844,0.00023801023556371486,0.216139309841334,0.05813133226373634,-0.0036297680505786127,,,,0.02241893627442147,-0.14058195062118933,,-0.0020798793298397455,0.021978906718775167,0.001565039746398674,,-0.22226316925199724,,,-0.016863068955119367,,,-0.03772543206805134,,0.0031095052531082894,0.0007148308377146929,,,-0.006296945001589271,
1927,-0.04398693746860966,,-0.00016890227635971418,-1.4496713296235053,0.19836489861581355,0.0,0.0009415287258231666,0.128784538359499,0.007845484980269659,-0.018875727531060434,0.00047633630242982587,-0.1906968914949191,0.0014268730126000286,-0.0461415193911417,0.08040362966908753,0.0,,,,-0.281903615000913,-0.004728141195946012,,0.003987313288242489,0.022923639901937024,-0.00020050929427764837,,-0.15378222204221037,,,0.018987558769267814,,,-0.13561685024771272,,-0.0018752684449658706,0.0026423661644685756,,,-0.00048602674103787524,
1928,-0.0019277114403327591,,0.00015482817622225147,-0.0008910050847717925,-0.011381888237084234,0.0009995003330834232,-0.006597248251726203,-0.048803346434013205,-9.768964009134898e-05,-0.0006683509358412651,0.0009519924559592513,0.0007844983535626627,-0.00404810649247435,0.009841706320852465,-0.01742282177701334,-0.0036429912785009805,,,,-0.019419096831736773,0.018779894651596275,,-0.0042124244378227435,-0.018585238303338667,-0.002932023387768053,,-0.024255756657011074,,,0.11839135863933496,,,0.027642846550493826,,0.0005361499203575664,0.00011556462964767991,,,-0.0009727627226221707,
1929,0.014082715854511733,0.004819286435948922,0.0011815344441467215,0.001127544925445041,0.014006530629075649,0.0069686693160934355,0.007019441127763079,0.09634146644666046,0.011751701309199461,0.0023506167833852523,0.000515913423556246,0.0012539186595936812,0.002145156346388202,0.008468726902671208,0.059767129090150584,0.007272759329079657,,,,0.004510891467521723,0.009259325412796726,,0.004828757277055822,-0.0019258551932142102,0.001527331486616299,0.0024195511440895717,0.0001601110106424913,,,-0.0008715415438944418,,0.001935172350409965,0.12234890923579533,,0.0006162172494689661,-0.0010212832443405094,,,0.0019445800974545978,
1930,0.13030368155472424,0.04695698308777108,-0.0022376568835248017,-0.002870082081618751,0.0971932660476117,-0.005970166986503796,-0.0015207292774424089,0.3368791883192695,0.0005791505953385039,-0.003179992792400838,-0.00035733608845579654,-0.0022738865798031735,-0.0019065782705815315,-0.0019303213291027715,0.33166307374988063,0.003616640470188515,,,,-0.000785319796387988,-0.0716296561392547,,0.0008958065656995079,0.022397886509129675,-0.001567555939066349,0.03186952233454252,-0.0028591679798074796,,,-0.005043010667603219,,-0.0009671180637748218,0.22994220723929945,,-0.002628263373653918,-0.005315922554005281,,,-0.0009718173748323478,
1931,0.22416182184480837,0.264479175372117,0.0047227580929679255,0.0017146804510628517,0.42147457584298226,0.035297782081023896,0.0009537435153098568,0.28770450982346807,-0.0007722753545328424,0.06589760198638811,0.05278118555406931,0.0012551974661248197,0.009496747537257207,0.002549668112619868,0.3303210279797331,0.06971463261536125,,,,0.00595302019138743,0.014742281737203431,,0.064944169446055,-0.0108979993532953,-0.00012068306630098507,0.11986160634862608,0.06583384186873623,,,0.057356379833632405,,0.006269613013595395,0.2007173622843824,,0.06144886666064621,-0.000969574820473109,,,0.06947889822798932,
1932,0.13273856640804604,0.22876154361843304,0.004491182600077024,0.0010719233696378455,-0.01318862157243123,0.08933686618966917,0.4226092396939126,0.03175500873466138,0.013524737354185662,0.28566284521726243,0.4289647340992602,-0.0019226624980705769,-0.0049745453762075,0.4405753710044902,0.03640848349724025,0.2464391139177318,,,,0.01570361316504674,0.5519207517136224,,0.2609755547752514,0.402761759081666,-0.001610500811116845,0.2599975508543671,0.33047341408484354,,,0.28348601602548507,,0.008616616260878797,0.17114064140595545,,0.31277620144936846,-0.00021343267735305204,,,0.25729299365324015,
1933,-0.221741927537471,-0.1840036429769394,-0.10128325579404822,-0.2519128931667928,-0.11157301250866787,-0.04321104279429365,0.029407696404517493,-0.27436020126384963,0.1537150448824467,-0.012621213986457727,-0.1850830927962029,-0.2476348959155753,-0.2507717794631132,0.14000934196799417,-0.2274342682152391,-0.19077826681217794,,,,-0.2693487757884743,0.09121600827166157,,-0.19777524771545316,0.12497578932348127,-0.24966369816273365,-0.060044418729083754,-0.17418108043326222,,,-0.20329806092106317,,0.13864223752845817,-0.28710576458557907,,-0.17630706045513228,-0.24673977391148,,,-0.1893588835145309,
1934,0.7758574232435006,-0.17627924233799191,-0.19602142390569896,-0.2631002110111844,-0.05661286379374344,-0.09347194399257384,-0.27854530742829214,-0.1757883803693695,0.2794373939893301,-0.16534090864192455,-0.17460517491948613,-0.2667055316629572,-0.2547642886862324,-0.2622702397389181,-0.2735087757029859,-0.17344388276193717,,,,-0.24375165589920628,-0.14606380877133035,,-0.18106201163806454,0.013123181493269097,-0.2644715831287324,-0.16847700002326585,-0.1666684309753937,,,-0.1627885131999624,,-0.1829856776883625,-0.23916740540196446,,-0.16487526674482156,-0.2648558795613498,,,-0.17304270489836485,
1935,0.027816362973674666,0.03162318843051214,-0.002012886913940366,0.23422690952559988,0.015801154746800057,0.015037877364540502,0.6910398373420031,-0.0701478508184088,0.09808090168366018,0.02778018053753656,0.02961332539275084,-0.004872918900930602,-0.02229391695921291,0.001709707229933683,-0.21948190605421813,0.026169717733384605,,,,0.037391459423465924,0.03211954942211252,,0.031536630160613324,-0.0013879252748480802,-0.004930943153184984,0.028170876966696224,0.02758985089773325,,,0.03339890276996161,,0.027520164274913807,-0.004626194649142121,,0.02772404056454566,-0.004021540089470395,,,0.027330893716971266,
1936,-0.014540208138078103,-0.01568659616769962,0.0020880565153890474,0.08535030191849598,-0.032429897889162,-0.003988041177955545,-0.007976912945686513,0.2064157705294812,-0.018998649016273128,-0.013882378868070162,-0.012682131752019129,0.07666027932620942,-0.0008054772888167575,0.010383106970012651,0.4190820544843769,-0.014870162479451393,,,,0.12314777203862577,-0.008658062743114541,,-0.018814036015270808,0.0005554012916998831,0.04895782281681952,-0.019356717339132145,-0.01398693569054185,,,-0.01237449158979991,,-0.01415693646274661,0.10508691410206271,,-0.013970937100760082,0.07368309870969801,,,-0.0138205556186322,
1937,0.00538675107482216,0.003944778291016325,0.001164406847560161,0.002399298258315434,-0.008786517976716927,-0.000999500333083388,-0.008878196223320057,0.004867200586387,0.00631634956270908,0.005421626708149858,0.004209649052705732,0.41285600469633715,0.0020124780388521553,0.0255137870699549,0.03256986891012127,0.003738322110607158,,,,0.32649534236184374,0.005780362915499549,,0.004881743872836465,0.0005550929923271449,0.1581862608792921,0.0047751781943169746,0.0053798386293324625,,,0.0075174125921784124,,0.003925422116105512,0.7102274216947475,,0.005469103054362256,0.27467711872067907,,,0.005452305948115737,
1938,0.011045852159635557,0.011741817876683195,-0.007744308227920123,-0.0010637670171622046,0.39145390861750684,0.005982071677547469,-0.00036711574123711536,0.3264662873392131,0.013689969023238512,0.0111487789540949,0.011249854319736819,0.3405848695675575,0.0012055456553486893,0.010771579552160676,0.007766198148398807,0.018484814674102942,,,,5.260527632147353e-05,0.01430639565123793,,0.018381814600425334,0.2264676540980482,0.0006603202793167788,0.011839128023505337,0.011091325953085497,,,0.011791140180397522,,0.011200506670522277,0.0777204672490864,,0.011428985446283669,0.0029088764083765486,,,0.010816231309156474,
1939,0.05504464291001069,0.0963708127480177,,0.002514069136528544,-0.026829043038284317,0.03419971795528421,-0.00021205781499582374,0.5867109785141083,-0.019606809406191084,0.07013582348088668,0.07803545968595177,0.1367353493031024,0.0024067400305648376,0.09415963610260464,0.10379379085834618,0.09431067947124142,,,,0.012338090433871208,0.08961215868968714,,0.09547057344169795,0.13648609398851155,0.030873335924888945,0.10032628808251,0.05607830031620298,,,0.09202823852360456,,0.0955302744459089,-0.6409258347170389,,0.049069693673911695,0.01527509585429135,,,0.09775218345987673,
1940,0.03554865910436702,0.14756671074090633,,-0.0016865970164961811,-0.00887522707890215,0.12108635796329055,0.0011373448362748011,0.6830704458996686,-0.00039950917975651104,0.05235988849001493,0.06407237699781407,0.18674243602054308,0.0012012013456341492,0.19404186570503065,0.17884252713717938,0.1013524942602875,,,,0.03034645042642602,0.10354067894084017,,0.09644302079423751,0.03991828577735472,0.003885980775782413,0.1469260236253722,0.02250640410929425,,,0.08432384047017084,,0.10081675770255034,0.13135382785548635,,0.007885722378015774,-0.006689592836932798,,,0.14658331676235,
1941,0.0,,,,-0.00021198952245463123,-0.025950850648492636,7.74991540062899e-05,0.12151461169145278,0.0014260862061505036,,-0.0717116499850939,-2.9544230500452167,2.065894815568551,,-0.06875183710395151,0.0,,,,-0.005879440722700314,0.0,,-0.0032939656154006443,-0.10202779640944222,,-0.05155132561076006,,,,-0.07556860399301213,,0.0,0.020775079998632637,,-0.0011193275677768798,-0.023261664096564848,,,-0.051474729540100954,
1942,,,,,,,,,,,,-0.7939882149107359,,,,0.0,,,,,,,0.004608519795312628,-0.0014387013066321911,,-0.0006453694964236418,,,,,,0.0,,,,,,,-0.0008067769699401454,
1943,,,,,,,,,,,,-0.017841686476490447,,,,0.0,,,,,,,,-0.00041143798152912703,,-0.00452928629359391,,,,,,0.0,,,,,,,0.0,
1944,,,,,,,,,,,,0.0017985616359148977,,,,0.0,,,,,,,,-0.00020578248863647409,,-0.0006487188031591575,,,,,,0.0,,,,,,,0.0,
1945,,,,,,,,,,,,3.8195175141422495,,,,0.0,,,,,,,,0.0,,0.0032393938272514723,,,,,,-0.002789402087578748,,,,,,,0.0012099215027131511,
1946,,,,0.0013569638991616163,,,,,,,,0.8518744116942397,5.318607852818301,,,0.0,,,,,,,,0.0,0.0031813388443572145,0.0025839807659250678,,,,,,-0.0035978451762403124,,,,,,,-0.00040314453277313065,
1947,,,,0.0005272113041189342,,0.013895545490461953,,,,0.0005843559728852833,,0.00024383169007873443,0.17692339802439727,,,0.0,,,,0.17692339802439727,,,,0.00020578248863649997,0.0013980995683626346,0.0009672739751425945,0.0008067281562101682,,,0.005646081733935764,,-0.000801282094154246,0.0,,-0.07323908376910197,0.0,,,0.0008061266055245932,
1948,,,,4.335133174836883e-05,,0.003306395370751758,,,,0.00031290743410463913,,0.95348719935792,0.7584941999430928,,,-0.0030165935394255677,,,,0.7584941999430928,,,,0.08704566995443125,0.0024513975806846333,-0.08399831323488031,8.06370326008913e-05,,,0.002236678420459814,,0.0,0.0,,0.0,0.0,,,-0.00040298207275162555,
1949,0.6287472499568625,,,0.03601132521894028,0.0,-0.012827195670289933,0.08701112445669283,,0.10763066419236536,0.08713303677687508,,0.07131002462728206,0.023845468536500405,,,0.08675958295581794,,,0.36473210531173766,0.023845468536500405,,,,0.40181202096947083,0.08703021062273228,-0.040778181950421925,0.08690553955079704,-0.08351664371070992,0.0,0.03502577768397514,,0.08928001077773362,,,0.08802412683082553,0.0021004488678382817,,,0.08902466536848525,-0.11160217658130236
1950,0.4410405475319118,,,0.10032961441638119,0.0,0.015025401354867329,0.2876834613821449,,0.0,0.276846480820998,,0.05414105566927938,-4.943822914372838,,,0.2828226390780343,,,0.0,0.059411200675365844,,,0.27052891887641806,0.08685361593419663,0.2740196604253888,0.2750062345001844,0.27655985156667345,0.009408671556987951,0.0,0.11156436294442587,,0.2751404104587376,,,0.27610488072008976,0.007640982423733194,,,0.27487922571339857,0.1126682747633
1951,0.030901335124174777,0.0,,0.002463562314551627,0.0,-0.03728297604256306,0.15415127508253793,,0.2025242641114741,0.00018840170196966462,,0.0006999650303289575,0.0,,,0.0,,,0.0,0.0006241947690280545,,,-0.001837813519803823,0.0005783355664060158,-0.0004463875505740721,0.0005544774192516956,0.0,0.02183348390167894,0.0,-0.0010069235519484805,,0.0002783576914285036,,,0.0002706150710450503,0.0032799789182103136,,,0.0002800728207636825,-0.1165517747896976
1952,-0.03375847992495442,0.0022296553272690683,,-0.0009556744639404492,0.0,-0.07286686960346503,0.10178223346717616,,0.04481401578979264,-4.34741654840865e-05,,0.0,0.0,,,-0.002089864919459242,,0.0025199509345131947,0.0,0.0,,,0.007526706126567867,-0.002083575241570484,-0.001919108860885431,0.0024913507695836228,0.0,0.020726130517116952,0.0,-0.0032777787793270385,,0.0005564830416282764,,,3.865331839220922e-05,-0.0037659606687468036,,,0.0025171318002975003,-0.012044710503563478
1953,0.0,-0.006703935722190218,,-0.006569340488406594,0.8167628509601375,0.0050942545217430935,0.13554494677352205,,0.0,-0.00014492753648561856,,0.0,0.0,,,-0.006295928456814812,,-0.005889794056063487,1.021662370940639,0.0,,,0.00022818770167305725,-0.0017396351154437008,-0.0009741072551431073,-0.007214237726015182,0.0,0.24294617861038958,0.0,-0.0009728729633941357,,-0.007258546664986647,,,0.0001545983345109009,-0.0072715766050618766,,,-0.007007737157404689,-0.029825423664943142
1954,0.0,0.00223964259350466,0.0,0.0017013181819432463,0.3496733289056642,-0.011241814866248409,0.2591089296531926,,0.0,0.0006809768658589024,,0.0,0.0,,,0.0021030501967786684,,0.0014054816087349464,0.5888872703461521,0.0,,,-0.0014351884517082873,0.2487445461270981,-0.0015288910612070762,0.0013914013654279971,0.0005324440709235771,-0.04577811369944044,0.0,-0.00037336022891156455,,0.0013999722292129897,,,-0.0005025319986693945,-0.00023319264149706544,,,0.0014054816087349464,0.13524652518810554
1955,0.948665128533171,0.00668898815079671,0.0,0.0035094331999298203,0.15180508883738908,0.01327227241663043,0.5658062417662467,,0.0,0.00011586478592455643,,0.0,0.003094135516239124,,,0.006282743179495209,,0.006439893458877747,0.0,0.0,,,0.0005221250608107287,0.1227589688767811,0.005708213471389488,0.006099270363729653,0.0,0.0,0.0,0.0,,0.006136699872137425,,,0.0,-0.000373221371255568,,,0.006439893458877747,-0.12809364132439377
1956,0.03671384462439323,-0.0022246950221111624,0.0,-0.006259773225254391,-0.014184554469254563,-0.0020304575503819517,0.7295159270570041,,0.0,0.0,,0.0003512263690030019,-0.0009510224207041914,,,-0.002089864919459242,,-0.001675978045936044,0.0,0.0,,,0.0013041212072610016,0.0,0.004475334286177391,-0.0013829348076002683,0.0,0.0,0.0,0.0,,-0.0016699141091863527,,,0.0,-0.0001633281616380334,,,-0.001675978045936044,0.0043290110895857
1957,-0.012088797319004073,0.0,0.0010603861955772913,0.00621000945386679,0.08223896332585329,-0.02573482216881519,0.43927882262435836,,0.41406020234409835,0.0,,0.18365157660744919,-0.0004758505918959618,,,0.0,,0.0008383401357281631,0.0,0.0,0.0,,0.001692818947123867,0.0,-0.002195907085824755,0.0008299903644267451,0.0,0.0,0.0,0.0,,0.0008353056311942492,,,9.666038381683332e-05,0.00018665857867027983,,,0.0008383401357281631,0.033078421677564765
1958,0.6375773294051346,-0.004464293128685493,8.092875383772473e-05,-0.006909301073933141,0.5290763597589433,0.012435393407886675,0.3013353288044778,,0.5219550348778355,0.0,,0.0008431253134221161,-0.0021441342341831328,,,-0.006295928456814812,,-0.005883193884553322,0.0,-0.0006241947690280883,0.0,,-0.007378179792998873,0.0,-0.009439613629745772,-0.005824451356920041,-1.4008054631629926e-05,0.22776443750332961,0.0,0.0,,-0.005861845117129025,,,0.00013530884263925928,9.331622542642931e-05,,,-0.005883193884553322,0.0
1959,0.13254090225084925,0.0,-0.002152620816647653,0.0015982346718001737,0.15746686746207286,-0.012435393407886646,0.2927547171174048,,0.0,-0.0017829063189117157,,0.15260706738690583,-0.003105221651960628,,,0.0,,0.0002809383358833735,0.0,-0.00560637498160811,0.0003612064334017091,,-0.002723411523656154,0.0,-0.002777816307551623,0.0002781254363636938,-0.00138776962871861,0.1564232721575499,0.0,-0.0019178475688053887,,0.0005597537229836532,0.14583303293866856,,0.000251239287415332,0.008015935299795817,,,0.0002809383358833735,0.0
1960,0.03647828330322666,0.0,0.004100640882069202,-0.0020453161693718726,0.21383349250128675,0.011404996613990382,-6.802612936747629,,0.03606067741854457,0.0002030928141138012,,-4.60553097716424,-0.0021554313218566574,,,0.004201686853699977,,0.0005616400035310097,0.0,0.0,0.0,,0.0012149672304152535,0.0,-0.0007685682482613566,0.00027804810411325033,0.0006871165914512667,-0.021769291095081418,0.0074720148387010564,0.000856324532897292,,0.0002797594087346738,0.21276248309007595,,-0.0012955248203373629,-0.00043978937112993023,,,0.00028085943170179335,0.0
1961,-0.0004126801461680488,0.0022346378014163628,-0.0005193576240139062,4.812599386125281e-05,0.36731272785841756,0.043375432751254724,0.0010480683156505594,,0.009748858612749675,0.0015942956591633052,,0.0002038528189710742,-0.037869432825380224,,,0.0,,0.001963259640553405,0.0,0.0,0.0032450001433271367,,0.004812502126730747,0.0,-0.03856765744435239,0.0019441750326045387,0.0012888224470086185,-0.017832569954648988,0.0024783160144670005,0.000803229724966777,,0.6951033080524944,-0.00048086723417135896,,-0.00021285859496943598,4.6302727238834485e-05,,,0.0022440402123825452,0.0
1962,0.3384520317888387,-0.002234637801416377,-0.005289700913910159,-0.002041372100997117,0.3625811267438826,0.053807406776361956,0.007116792385474194,,0.029587783128651356,-0.0005504693614490271,,-0.0010196799088871258,-0.004492146311219747,,,-0.0020986366569211382,,-0.001963259640553323,0.47692407209030924,-0.00043479451813277416,-0.0007756233075819969,,-0.00297643603715777,0.0,-0.0072456069198901804,-0.0019441750326045085,-0.0007142507323612302,0.00012305007594287656,0.6127743854102314,-0.0022016895496338655,,-0.002095997413750694,-0.0006609457091428941,,-0.002286246709125213,0.0011568719476276286,,,-0.00224404021238253,0.0
1963,0.17688210725469666,0.0022346378014163628,-0.00012766871147375458,0.0020413721009971274,0.3933656339525698,0.009311054233089358,0.4275344534130349,,0.2655292678106475,0.0004201224211588772,,0.0,-0.002755167678990435,,,0.0020986366569212054,,0.0025234837448412546,0.033901551675681416,0.001242688100374834,0.0017443072187635458,,0.002845789664041796,0.0,-0.0005274920651468916,0.002776237207914974,0.0016378185682931709,0.0,0.04766547717392972,0.0027182094733089602,,0.002793688086020363,-0.0005997241448768266,,0.006477019636962147,-0.0006476833979971211,,,0.002804264316670569,0.0
1964,0.012002623410503281,0.0022296553272690683,-0.0002089476013451608,-0.002340802482154348,0.7789250142472235,0.0,0.35258470598273245,,0.0,0.0016498071731531506,,0.0,-0.0030143202929227013,,,0.0020942416031149067,,0.0030756350262088586,0.0,0.004548694357531129,0.0013822084359046568,,0.0030005567015296223,0.0,0.0016648172546637299,0.0027685510485589825,0.0010764188448047116,0.0,0.0,0.0026099258146060327,,0.0029249968622202306,5.998860218352735e-05,,-0.007350271975039481,-0.0005554912768693533,,,0.0030756350262088586,0.2724168965296076
1965,0.18880961904253615,0.0,-0.00015480415370458647,-0.0022354966184457534,0.41578657090774024,-0.000927213789192139,0.3134058286251629,,0.15176688847198191,0.0,,0.0002040191785103631,0.004768486887328294,,,0.0,,-0.0013968433616393851,0.0,0.0006243506555986123,-0.0013268834013124922,,-0.0013360926172498765,0.0,-0.0018036772146176139,-0.001383317415221884,-0.0009365587047166009,0.0,-0.0002557871864566836,-0.0008320670032848612,,-0.001391788672822497,5.998500376711026e-05,,0.0014549972011943183,0.001989083827240716,,,-0.0013968433616393851,0.011526853811566165
1966,0.20980356893436575,0.694260146729366,0.00046434058667940334,0.003830085797419093,0.15617926567876053,-0.000928074312553971,0.19883164364063838,,0.25369821963618244,-0.0010271917338967626,,0.0024449889930664398,0.0012510948710577259,,,0.23230646423572937,,0.0008383401357281631,0.0,-0.000624350655598701,0.0023208918217825073,,0.0021824468344379525,0.0,0.005207912266728432,0.0011068069751910472,6.992273540588673e-05,0.0,-0.00230503367521698,0.00011492911846349057,,0.0011135858611798202,0.0006612627694355333,,0.0014335253612379581,-0.000346648490350605,,,0.0008383401357281631,0.0
1967,0.4663662546202508,0.0,-5.029315105060943e-05,-0.002887791200252442,-6.725426210987104,0.0018552881017461409,0.27464663387878485,,0.07190024591329493,0.010410985872621084,,0.0014234877848539275,-0.0030052614654633167,,,0.22347517128077052,,0.015521375902623556,0.027388163318866444,-0.0004997613423296256,-0.0005521049139555234,,0.0005855182003203666,0.0,-0.004680346968287977,0.021882711249507587,-6.992273540587277e-05,0.12029210669702436,0.0,0.0011763929255629827,,0.0002782028116426384,0.01622558004511403,,-0.0007746233781349903,0.0004159637709320906,,,0.015521375902623556,0.0
1968,0.048515201975001206,0.0,0.0003365290732920748,0.004932531619307516,0.2427569085992157,-0.000927213789192139,0.30510434591698704,,0.11600446148098524,0.06959052309677592,,0.006481691722259455,0.00125329004999948,,,0.0,0.6834073890391428,0.13894848681914165,0.12676251650839196,-0.0012472887518988054,-0.004400112258942116,,-0.0022137587580424276,0.0,0.004818485687409168,0.8876373637592339,-0.0010634279760201345,0.24639961548517939,0.0,-0.0022949008621455805,,-0.00013909173122076968,0.13794484290038958,,0.0012391095486689102,-0.0027995344684252086,,,0.13870910919980603,0.0
1969,0.0,0.0011117288526904154,0.0005413033944302363,0.004202623078964888,0.18228227448179274,-0.000928074312553971,0.22569682206251723,,0.06127328395101295,0.004732301060551083,,0.045004634226550495,-0.017435691221802063,,,0.0026490081715768625,0.09552492678718799,0.0014350636282477714,0.0,0.006378762782570971,-0.006064502410123238,,-0.0009782184163386462,0.0,0.0012147986032863428,0.0014467756126636973,0.00020997669335854472,0.0,0.0,-0.004265978096118286,,0.0013900474854313869,0.000419508581820847,,0.000367565271155083,-0.0007416850496447053,,,0.001674441247583413,0.0
1970,-4.525118687144406,-0.0022246950221111624,-0.00012756655222300007,-0.009829708918029697,0.11965268922502781,-0.031119908713804403,0.26900296666527135,,0.06282264000766269,-0.0026366617578766237,,0.06500887952314455,-0.07322599097094422,,,0.0,0.1069543368742739,-0.0023929181076127494,0.0,-0.00031406709974864913,-0.0006419829118094594,,0.006989511720782073,0.0,-0.002126866988722008,-0.0024496170806304392,0.000349863207056178,0.0,0.4146535341625706,0.0010008714715780602,,-0.002364231683274838,-0.0009805552554904688,,0.0031092210481026075,-0.0005566250114724797,,,-0.0023929181076127494,0.0
1971,0.1760735619895711,-0.020248160829947424,-0.034323957088751356,-0.022535837978886853,0.14091578447036454,-0.03310915860727895,0.07933103113356585,,0.07763114655123596,-0.012964362325697403,,-0.00344234419097279,-0.04774846885332562,,,-0.007968169649176845,0.07715498696460416,-0.020085369707747464,0.1823215567939546,-0.01426035381165921,-0.030244783668740383,,-0.01814338518833237,0.0,-0.03549036447993546,-0.01981600531208642,-0.015098935579751551,0.0,0.08565544457849401,-0.013572207898342896,,-0.007547205635382854,-0.007187187210362617,,-0.015957113414099576,-0.047387598752101405,,,-0.019840960565628948,-0.0006743846495894994
1972,0.10054988310547597,-0.047711201005046014,-0.0773829846371755,-0.09787627271188752,0.11526139091592662,-0.018991075505317163,0.5345032426264261,,0.09259316225574667,-0.06282716721202662,-0.012694257314885462,-0.08836520506215007,-0.08648844647517696,,,0.006644542718668511,0.05727181502511254,-0.022745109082580345,-0.004821126787308792,-0.05754266787941525,-0.13671031232854727,,-0.0764478617145738,0.0007202593244831562,-0.0837454056853384,-0.04834109512746895,-0.06639066665757977,0.0,0.037083672409647876,-0.043249239414745407,,0.08056057407558126,-0.07859167671104811,0.11563743481721751,-0.07044794275016314,-0.07399196743107693,,,-0.02323961201117182,-0.010625170604343865
1973,0.0,-0.17401290365493752,-0.17798225695337316,-0.12579060474328022,0.03184247921822277,0.009040744652149024,1.2350362342767873,,0.07789865532733864,-0.1434726821873507,-0.08649315559254443,-0.1282209457059006,-0.1855891228532068,,,0.09229540513623495,0.0,0.020052658551389088,0.003558425153134796,-0.0034958919871019424,-0.11228396264386371,,-0.1406686277720379,0.0,-0.14399988173053732,-0.13089221723919886,-0.13684177642830475,0.0,0.012061794659240434,-0.10398256252204392,,-0.10584960466738877,-0.0989904225111756,0.021762434585225476,-0.08861607629035123,-0.1908126354134278,,,0.020302752337862,-0.02205971806473222
1974,0.0,-0.014285957247476541,-0.036406094639932295,0.0018633577735545936,0.10289790728743582,-0.022245608947319737,2.1132208343320005,,0.09774560763030615,0.00974811519358888,-0.012618297405190894,0.08009471651505126,-0.025240345650311177,,,-0.030658440438498042,0.0,0.046219168245817614,0.05941929437644017,0.11189562703740322,0.07343008202772741,,-0.016781413902550075,0.0,-0.035223675086431476,-0.0978163785064026,-0.04013251407190134,0.0,0.004725348426426295,0.039070285556233354,,-0.021230985043085404,-0.00921364895971891,0.0478618953240483,0.017870830158449376,-0.060838617957395175,,,0.0464531684808856,-0.0044242708097401735
1975,1.9899270344720876,0.09596398826174374,-0.07033554747266181,-0.05816626700752064,0.1797494642855634,0.03910272601374261,2.1142138241759274,,0.1711321333254166,-0.058763275617491936,-0.026733585652655583,-0.11565299874433269,-0.0504375311779668,,,0.04385599252044468,0.0,0.05198343764890776,0.35302231918427124,0.0028673766742867792,0.01754490620355119,,-0.001710436160938264,0.0,-0.06151944309831881,0.21367795144484225,-0.056905847008303694,0.04226715132833121,0.06556922136869829,0.005586320592599993,,0.07419195283821382,-0.0050055634868497,0.040510382163502175,-0.06759976031605981,-0.1398074224553125,,,0.05152723987931828,0.0
1976,1.3421560397586418,0.06820825002653357,0.030437772074841586,0.05011145100537889,0.2725209403707204,-0.03095604144592448,-5.930004835775047,,0.11487285710491132,0.052462639556872304,0.050646427642739196,0.10897378376520267,0.024940954906694873,,,0.06684515559158989,0.0,0.20787539557441712,0.22383458946082344,0.2411144294090468,-0.001045407888555091,,0.0595286020275124,0.1455884137377338,0.046121812767795665,0.20074779009585206,0.0454802751274217,0.32287468943924386,0.026145280104322207,0.16955166421602993,,0.17242467247464943,0.15260297822092758,0.1889641942989105,0.05030301594179099,-0.03224498399529911,,,0.2079171039829185,0.001166180890182394
1977,1.0688462731336994,0.09653043620955432,-0.08176947933330983,-0.07396760997121031,0.28157498944535847,0.07519402373931251,0.5006067455734887,,0.05825166825289599,-0.00675695072609799,0.04031348739279257,0.02889777966643629,-0.08106958886087869,,,-0.022548869686613213,0.0,0.033715045684387886,0.27607323698028335,0.06128859246804217,-0.10140198150496023,,-0.03201904319633267,0.4468540627005792,-0.07397115433225954,0.022734933157554014,-0.024883690884252588,0.41262669672207136,-0.004985525384039341,0.23425944830404924,,-0.0012641500275702231,0.11845907446040632,-0.004774418236277785,0.025319529745893007,-0.041627576596840056,,,0.033895534810408016,0.0006990563024980425
1978,0.6689178063636727,-0.03153414440708828,-0.13095422064827045,-0.13073066405414835,0.24496498033328565,0.06993316304659321,0.3852047195019873,,0.06116880279154177,-0.08611073308192536,0.023391439527126214,-0.08799215928833413,-0.1463540665337676,,,-0.06842290851911367,0.06303136184699984,-0.09473452978363169,0.512331358564803,-0.03929539014812534,-0.2506851586927908,,-0.06178552369057917,0.0077557344652490375,-0.12729263476142558,-0.06732637154554948,-0.015316902532143148,0.6184825504513939,-0.0050105054380877615,0.14108474251549794,,-0.00011500201266197663,0.016237054029436176,0.6283374253856262,0.010952183023239739,-0.29958539300666653,,,-0.09454272005829062,0.0
1979,0.5038038562783523,0.023743342619319888,-0.07997490136281157,-0.06898469205195959,0.39958070751279523,0.01739174271186924,0.16261780064521733,,0.08469080461907706,-0.04561607912888891,-0.05513049422168446,-0.05573490746478053,-0.08914468692425928,,,-0.00366972888896229,0.34339713747247824,-0.06478153295042016,0.3764984885679259,-0.021016910717628897,0.04960777528333182,,-0.06341282447596859,0.0015351890200677681,-0.07364524483067195,0.013689679078918772,-0.034234500519785764,0.3627600448271104,0.0016277811516103588,0.1090761830217103,,-0.03178208847301966,-0.13015771776711593,-0.0062106035654430295,-0.05172568247599319,-0.06535309644917957,,,-0.1010226675697162,0.0
1980,0.3328872575119267,-0.02031672590267231,-0.033574473600259745,-0.0035849062787368783,0.6710465639030321,0.007728677371658291,0.04602245933887842,,0.10541856359956722,0.0683592221526259,-0.04416425007783791,-0.007545426036878115,-0.008762378078986013,,,-0.033648034118232875,0.006239521082744351,-0.005335534923146317,-1.6010071804597081,0.029753869151865155,0.03415568186322599,,0.0021155269111434514,0.0066398985868773635,-0.009863148523725558,0.048975132116961376,-0.02537349586889872,0.25107409929607394,0.01786601352939087,0.02280100797052921,,-0.07940972114292644,0.06625129454691597,0.037626141773562556,-0.01368549897968642,0.007721121703926959,,,-0.09194221042744925,0.0
1981,0.8739948167836208,-0.008013780723553656,0.20862381631560756,0.2407124275091221,0.569058720581181,0.02533919355544575,0.0,,0.14193449147372167,0.23610383851853275,0.14770239955357176,0.2527598000587143,0.2189543708961132,,,0.09542539381447593,0.007626347735063987,0.2433495508073799,0.8023000395373194,0.28505072280613564,-0.02683164139055893,,0.057183936349527516,0.06648770436212026,0.2293331611276344,0.1140445920194912,0.15100108005041155,0.3798337526587798,0.05049414676910104,0.20925415989121404,,0.11325982505884952,0.25278434098520614,0.15972849938271574,0.18011707556109116,0.15958713778205005,,,0.13918530234946846,0.0
1982,1.7728955996963311,0.12313268540362406,0.06740311254442446,0.20769985657658316,0.6563164204447572,0.028773049437818884,0.26646432896621175,0.10824520069486779,0.16217743615905977,0.15656642010224991,0.1088186363050201,0.19010369723600948,0.07037650654585144,,0.08630917760952456,0.08816278759467168,0.04578591217970753,0.1272201814501686,0.752823432836618,0.17326373695523892,0.12120674097272224,,0.014943326535952152,1.089732798282658,0.06657910115037582,0.1453275330122777,0.11713662947792128,0.5018399816712386,0.07789824832750247,0.2603725164030223,0.016628188773765457,0.21796547173917252,0.17521452541500426,0.09013473450330785,0.21544308107975968,0.03265208448625878,,0.057362913863667424,0.14657587542277886,0.0
1983,-7.808638270286549,0.11958809029811354,0.05185585593255438,0.11034805716886541,1.1676633687784994,-0.0008107013009887234,0.43673853358679066,0.0428559663289772,0.20739619995914257,0.09198939864511692,0.14583939929049594,0.1468936115946942,0.05059288441309562,0.27336257585499935,0.17864355994595157,0.06335110758028331,0.3183162721841747,0.1293322476336209,0.8400573280350455,0.11518652797750036,-0.047315703660072025,0.05851918427317911,-0.008197646714361894,0.7531671855036619,0.0660367993332138,0.11729057077628717,0.12292036684641118,0.8478958831628529,0.26335458640303105,0.33172231327673257,-0.012693508782214404,0.02686253029913114,0.265036822117364,0.12459050104648496,0.19956334055903388,0.032858059623758665,,-0.0009998913994674426,0.14231978941096055,0.0009313155504345001
1984,1.8601057246130157,0.02493450640016902,0.10738984431311097,0.12191066154137692,1.1639567128723018,0.049060470969293626,0.22306358700617254,0.16266026940028372,0.24570514636367136,0.12380484880354294,0.0756307483388573,0.1366760493039944,0.10790230996794684,0.2488526588045856,0.07457834969448708,0.11668232008019801,0.12065048236180007,0.13880639688146926,1.6517143451039207,0.14484573873208817,-0.00042105263779953974,0.04024660093208316,0.010460525804773642,0.21561902235555302,0.11691457268380216,0.14394650965301667,0.11115642996018016,0.7555072300855646,0.40723324318678605,0.28017253786971047,0.008902345597773276,0.25633325939284884,0.1137019357001389,0.07842506652218423,0.07516882421039144,0.11219230994952978,,0.02538087415268217,0.12563568851217802,0.4904186714772938
1985,-4.7221641655450926,0.22788164914899361,0.03299136502459458,0.02711017119959394,1.2104924984036989,0.05337606599709744,0.4907063257871017,0.23335381946109335,0.34471483821199606,0.02329238559086094,0.03220531160048415,0.027547463311558912,0.03352655460095149,0.2051524641271293,-0.003549033507572429,0.0828175732488413,0.07933013371383962,0.018726332841760226,1.3914055901374023,0.08343171872504725,0.004286441258000163,0.06467698613341608,0.05630035598454631,0.28946925302742826,0.033741537211695025,0.15059151536983073,0.05178768169278578,-5.755390832375985,0.10818901661520888,0.1527181812277322,0.03152593024453064,0.4405356482170472,0.05564381217066545,0.06688798880102988,0.039415545629355855,0.04375216545839807,0.006438492099173534,0.14247587808534273,0.030419094365707642,0.06656724427211302
1986,0.4491411184375126,0.04250125603997519,-0.3037385814774819,-0.2840483964261975,-6.118187208449729,0.01741698599400196,0.1817930073389584,0.1621655341806624,0.3111807852781082,-0.2693569523259004,-0.20030679215602665,-0.259717436333878,-0.3039017312830911,0.010994254384052807,0.0016287379601706675,0.02166149678117925,0.14398885790725582,-0.22958819931009963,-6.6749961472051895,-0.24697281936963494,-0.3481983706460475,0.026041826180451873,0.04048976163807867,0.8677833923234668,-0.30400714689283603,-0.05297053153319038,-0.14970555289900606,0.23968943343513444,0.09131053674071676,-0.13860029968194712,-0.010276174556054063,0.02545318797992059,-0.19375268698401527,0.02710566700838735,-0.18819012234251647,-0.31154817646435345,-0.05276027989033464,-0.03282046843408203,-0.12383242477479631,0.07486007020944264
1987,0.8215021551417275,-0.043902797965263585,-0.18765686519090627,-0.17862072927094808,1.0552231748729508,-0.04713685537892949,0.12860102371327758,0.07505258842722365,0.22224023447339317,-0.1673809189391977,-0.1413295518849929,-0.14152497408950232,-0.18851295484672617,-0.03239208397497706,-0.000666564143020696,0.0266264751153221,0.24812136699963716,-0.10364799522887297,0.0693244023111541,-0.13947730518758475,-0.15207383588241918,-0.06864734683501249,-0.025287036447561813,0.8121577684622573,-0.18921477245490662,-0.12310193484581561,-0.0930838297934576,0.18820729079396972,0.008888079217367312,-0.05912374602397754,-0.03380182686857812,-0.1171669246060532,-0.12536310581871177,0.05359607518931676,-0.11596597635609607,-0.18663587261118636,-0.17535310770921647,-0.020734088902718738,-0.11072491423437883,0.5843855586748213
1988,1.4065376402954224,-0.11192714338171471,-0.023355456543351402,-0.015456925352883545,1.8994292738222516,-0.07434004456135428,0.11037873640894363,0.0,0.20958249375424567,-0.01568948218574443,-0.04895708320216602,-0.00868699081346956,-0.02306712684446845,0.047076844008615705,0.001102154438806913,0.07156555106389155,0.02517027307186262,-0.02455127456537231,0.0026929717229795306,0.004124002736484231,-0.12061380198293171,-0.11730490700646155,0.039089373935965815,0.5003807504695291,-0.02427570385157512,-0.09987114366822783,-0.032659779406601586,2.03500165848581,0.025299575612713558,0.021509218898539347,-0.04496776235342934,0.11064454380443166,-0.058416239682581174,0.07665436283674434,-0.03363048131822681,-0.01860613195985145,-0.10332254153001075,-0.01812643831778015,-0.08251926037565652,0.0
1989,3.8787303484384075,-0.0094563352420354,0.06871768593731249,0.06890406323026264,-4.5266868321290925,-0.03892831074050266,0.08576916997624792,0.009575066153130874,0.24588107131505593,0.08250898004477769,0.024266173723635404,0.06809761627944008,0.06819574111393326,0.1354661395124495,-0.0008200923063421843,0.1537394956109387,0.048855134360848526,0.0726255861131672,0.18113253321759243,0.05227255201053927,0.07440329518632835,-0.08555693921468648,0.0333808612207511,0.07961419382811462,0.07032679787416363,0.0920686084765224,0.05788449459789393,3.029896535998852,0.02997983211442618,0.08792937236019652,-0.0313818507564503,0.14084973912170554,0.016257752648218545,0.12195060854028515,0.05065841797356243,0.11142689658909743,-0.08103554101296695,0.01618469013486987,0.08366651937226151,0.872043337133527
1990,2.4439788342503617,0.014151179546243182,-0.1553980576609364,-0.16472001180028034,3.1822573758736885,-0.014462183157394901,0.132917334324024,0.24061016420004225,0.2722095076535892,-0.16782799918734875,-0.1148893839780748,-0.15810309895516111,-0.15123096972392353,-0.02497094160320066,-0.0013982697089848194,0.07600095328292578,0.040250111914651256,-0.1560668650769993,0.05076612561087408,-0.1355947401884931,0.048972939492513426,0.052505687025153236,-0.0008127678886907527,0.13335059000259536,-0.15265157626143555,0.002925637218299285,-0.10018091368392266,4.25518490889267,0.11191304512652199,-0.09887139183508695,-0.0731897798638973,-0.01262996884348922,-0.14982592372547582,0.1087819238820262,-0.08613448089206893,-0.16342852216726203,0.019166081290552306,-0.004519429518212106,-0.0854490510385449,0.30184701062648867
1991,0.6707169732673333,0.002339182353172241,0.03084921173381576,0.022805229735849357,1.7839358862785768,-0.01815873501187118,0.1356969486933048,0.1070764524995641,0.23142558676743086,0.03397263268868054,0.0553828320447941,0.036059432289162203,0.026847250036188056,0.14113999269344088,-0.002403430220443941,0.26117606708695645,0.05669705281677084,0.026659523095997673,0.12256607655744449,0.0352642553434355,-0.0745006221749501,0.036055502537468295,0.016349337779955106,0.07062750620511274,0.02734704058891902,0.030415684210034395,0.03721016479568179,-12.401713945119084,0.12249315377287019,0.01440175168316168,-0.04806526980550864,0.06534706032034372,0.019906468857127095,0.027610701023528472,0.02154535876446306,0.03220719329040538,-0.005924342457515232,-0.00316796322595893,0.009588141636263432,0.19177897901418767
1992,-9.172221413872572,0.05750449448019132,-0.06122380865225165,-0.06172919419958722,2.406868067020492,0.05351595334010804,0.037543465561889665,0.03444136882573482,0.1818317402283621,-0.05895123586270108,0.10282525251862672,-0.06455032688579021,-0.061452779213663565,0.04381592033829996,-0.0039970655482676936,0.21509717517237448,0.04000332386018937,-0.054390062273887,0.07601480114980888,-0.007366262664482395,-0.05977981938960392,0.06302902794038524,-0.07706867155084206,0.025018766777745564,-0.062432478295218995,0.07243766681070027,-0.04361041762929468,0.47790116404814464,-0.0742731468823639,-0.06935311359327949,-0.05892641752990577,0.031735127491848786,-0.015795667335604616,0.0660467884701359,-0.03810899017550294,-0.02054963234253958,-0.061615433521768875,-0.004593737833431737,0.000706588971281186,0.18520390966298478
1993,0.008443958494416075,0.07845774187133976,0.05719379247984556,0.07295415793651328,2.975364450967798,0.06484864674092498,0.10859157716506314,0.04583062371795132,0.12811675700981817,0.07175193198134155,0.2437871287806856,0.06808577338257277,0.057833957411531946,0.18523469675718568,-0.0005815493931629244,0.10539602639094907,0.027789011858983068,0.151371478155408,0.14051661737494378,0.24446839595072067,-0.1322026384174216,0.026523017756248077,0.01074208099067907,-6.898396642441566,0.05519481099498831,-0.006205334899087168,0.13338454073645753,0.4675021084439903,0.0611225333644383,0.1761079734105808,-0.008381658830933196,0.1375156968708079,0.21926810851969852,0.09110216596131576,0.29126314288831856,0.049724231287114506,0.048714455345532454,-0.0030742575055919485,0.16186535202116512,0.2839237023673576
1994,0.0,-0.07332388387748796,-0.019959010345606907,-0.03397035802025178,-3.9181077395440034,0.057244542775017546,0.038850366415131135,0.4020506862387268,-0.02134748122254666,-0.020277278568260268,-0.08968421242870701,-0.02158292999389579,-0.020141053135804967,0.05448884507810186,-0.0008664895431788166,0.0031908131730714632,0.03470298088070053,-0.021767350887588764,0.0619934137858258,0.02391397829970145,-0.08351469853594685,0.0014634027960728922,0.019202129200033644,0.08023967438679863,-0.021482811219184574,-0.0922458674301984,-0.006442429143200275,0.09890204424523612,-0.026263720765994553,0.029664876691442982,-0.05619777799985769,0.08200328774082911,0.04898438679399024,0.019696470636915667,-0.010250416923286048,-0.0783584042472723,0.00185321813217867,-0.006812716966534466,-0.019871719499752864,0.4916595718278237
1995,0.0008004803309165819,-0.012513965291474347,-0.12424615912386852,-0.1258933801938371,-7.557856634584549,0.005111365637235608,-0.05731172233200623,-0.03171397548952783,0.07740275624793751,-0.12666624127741172,-0.17897218557942904,-0.10644296209222019,-0.12458788715476739,-0.04564460118018629,0.0008664895431787896,0.03228614545366788,0.039829276837253215,-0.06877903635302425,6.641870353127664e-05,0.011083317710327487,-0.08386680411193997,-0.04335899026905967,-0.045379058322409134,0.6442609999642449,-0.1255370446222244,-0.10038029135324918,-0.10761037017718258,0.02621376185080414,-0.026933263079320743,-0.10173103874920979,-0.07501988221492562,0.02111204997500374,-0.07151429422068771,0.037463095544273566,-0.07751224860813392,-0.1458682041009871,0.0011329306347746262,-0.009584355145340055,-0.030173362118787066,0.17465151849363897
1996,-0.00010002500633493674,-0.05559101539993594,0.049659367957953685,0.04957833391221497,0.09097177820572679,-0.006576567364563602,0.038306868962127,-0.003722571313983288,0.12724294236209013,0.03516089991385191,0.04872161076058697,0.02573889861523002,0.04972082966238519,0.0386926572667214,-0.00015513697333017083,0.09103883064746636,0.04082555228320511,0.0025624613636999285,0.0581818109990344,-0.05466951443608535,0.1464583342041027,0.040964344196002804,0.0032253596758664133,0.16453334096380223,0.04978692478024109,-0.04675129382295286,0.019367696967173425,0.08503824864591117,0.01929543216963405,0.028934159414540556,-0.0050228254586108315,0.17007902417954274,0.01623463954800087,0.07982719676491161,-0.06246614777171817,0.04543039102400971,0.03606565481370452,0.017422875089856193,0.011460993652673009,0.8582850749675403
1997,-0.0002000800326803032,0.05188043600340015,0.14211190767398582,0.14512441103415924,0.06992766475688861,0.015278580218031452,0.016903531766435356,-0.0023531965091832625,0.09583706798954016,0.13055297744204122,0.1228868842618797,0.13218666558480444,0.14221451519798356,0.12644714413613203,0.0011112835174765905,0.023929912043901075,0.2168135217404973,0.05341037361004766,0.0776466126668702,0.09929389971321002,0.10695879646872647,0.16314295835374576,0.11334714286562242,0.04099040139165349,0.14657382303770214,0.03732254893093707,0.09254223432050465,0.08246976791137539,0.11703681759041523,0.1285279707696057,0.05229633727109326,0.06874949327213067,0.1455659639794946,0.06540405106876976,0.13066885757065913,0.16056734595025923,0.0464852638495163,0.20317339549401403,-0.04812694362429823,0.1575725134863812
1998,0.0,0.16734000317833775,0.014073854427370075,0.013949780406973684,0.07383624292690891,0.0690410051058868,0.0932819961559047,-0.0022262209782842215,0.22303135879172367,0.01409256958112187,0.02877964706949841,0.010392801610273283,0.01430639565123793,0.07884851625822648,0.0004648220202737618,0.12856997120127603,1.2359972946744522,0.062308971579006514,0.09682707930039634,0.01920620790139744,0.07883469394601648,0.3905279533082015,0.331689277373301,0.14483378595350307,0.01585318502022185,0.2116434279036234,0.06374700173645122,0.0950985980937506,0.32755217026988703,0.02704767205542562,0.11825408307265022,0.18468101568298625,0.01946401921305966,0.09648616521232892,0.039449103710173745,-0.0005513439147246336,0.1534404860337038,0.2836348874568396,-0.011532253013173161,0.11587244565038171
1999,0.0,-0.025866257016474988,0.16905299275822094,0.16850209622929202,0.45037009579542736,0.0012122029903801695,0.10015897745200113,-0.0027142623922332848,0.20826809404514024,0.04192536886989829,0.16934018749595786,0.16924204136013635,0.16897531484106007,0.03521958698029816,0.001638065385852247,0.041904580459578074,-0.2427684361587334,0.5295130077522872,0.08559593926792201,0.17194752448114323,-0.1412937662132044,-0.16293906579616826,-0.03246719013750149,0.04288280665042938,0.16842974195011642,0.012572750987256976,0.0332079057927124,0.1438491415254286,-0.045117801769455824,0.16961987161883307,0.013601611408483148,0.09911371399318454,0.1708669605492435,0.08635480172405889,0.039669448095792904,0.03648335314078797,-0.03719932771519828,-0.08533393423361132,0.024389456735625942,0.10124549406343257
2000,0.0,0.10428209779235155,,,0.005149567641317542,-0.00020193181504350703,0.05879388883854327,1.2079701872970263e-05,0.1729893100184725,0.14680309011070483,,,,,0.004243888106726882,0.04244367911056803,0.06964784925639474,,-0.015188316796207203,,-0.05354955972145644,-0.05080506840706108,0.0,-0.009888572056838019,,0.14749585140191016,0.12120567485341692,0.031050171659931246,0.12270267973952177,,0.01748531434101955,0.12686609500432575,,0.08251878832057905,0.10320082479741763,0.11650457023174703,-0.03340878793312117,0.05950767557703986,0.06480126152126905,0.11462500509366418
2001,0.0,0.11775072975829284,,,0.2511929946351367,0.04166445341946634,0.16272091432365685,-0.00016912910631422442,0.09658946427579741,0.028855882155031758,,,,,0.0009363716925085872,0.048155041887047,0.19751697306441826,,0.03100574341318866,,0.12021257009280578,0.13318536937339306,0.0,-0.012981667729244622,,0.08352595008136895,0.020585246387795117,0.004802204517957697,0.14314459117516729,,0.03866314413967269,0.21456189243071888,,0.15203986110156703,0.11994272651679208,-0.0007693446155475457,0.07883128469449655,0.10209231095727803,0.05139938151549255,0.06207229258083828
2002,1.1199928912891473,-0.05056989229947494,,,0.21646511788085138,0.013914494640122645,0.0816236782537203,1.2081599120835059e-05,0.08523705486123288,-0.05502513197766563,,,,,-1.2821088125935777e-05,0.029423092758327694,-0.09712257854812681,,0.1191321448814266,,0.02958196174946174,-0.03280762470124432,0.0,0.03431915751538261,,-0.10020068005376993,-0.11939748343425605,0.0027622360336424863,0.011910820460841246,,-0.0012277472383224036,0.20020703007871643,,0.06660316693216989,-0.06173655232742191,-0.08162764664449576,0.02083164856534932,-0.03456615329937054,-0.04264725080297489,0.47227111593770194
2003,-0.05457515410345229,-0.18223456623237566,,,0.05127617857339368,-0.11428686199060921,0.0036077322757864408,1.2081453157358636e-05,0.13898869354887017,-0.18147486606178698,,,,,-0.0015525662157231336,-0.04285469858698906,-0.08212211561705242,,-0.03954496682381972,,-0.07699937440557762,-0.047691840082225434,0.0,0.11059361682603767,,-0.2258878029027118,-0.12011073419134445,-0.010865010384376974,0.04913706860443065,,-0.0271120548391746,-0.3308404486755546,,0.007986980486855099,-0.18529409852647222,-0.14617418300586416,-0.0038003555987332076,-0.03459996335880503,-0.08444692325847951,0.3289170062704896
2004,0.007795502998408263,-0.12123038534904944,,,-0.049600248296556376,-0.07337239949922734,-0.1263362801786878,-4.832668842314465e-05,-0.09051879947408405,-0.09369838005073197,,,,,0.00020543636039035973,-0.028962285623314203,0.04131667808090264,,-0.015958550739334346,,-0.06955366351251899,-0.04008545845644037,0.0,0.04501960231836139,,-0.13193575369811292,-0.04927119167038214,-0.01895089870126633,0.03332946400148556,,-0.030703527417253944,-0.15965000019004405,,0.047802679384468014,-0.09480280114665614,-0.07902711451704718,-0.03048467761461508,-0.03141030827181545,-0.11435585971926693,0.15616476316510433
2005,-0.006727329301405337,-0.034999263362190544,,,-0.1836757642766953,-0.07181184121583434,-0.08432815148849229,-0.010103058540964768,-0.12453030904645723,0.0010346785075803502,,,,,-0.0014903706843067592,-0.028234006287130138,0.08219776513262934,,0.0012709456876525966,,0.017960713726431994,-0.11214186584348511,-0.003453324287551383,-0.03570519920008785,,-0.05932174409847188,-0.045330229857193094,-0.03500133708580001,-0.017170121079188323,,-0.015682620688920363,-0.012436883009688902,,-0.008777597752072663,0.016600691640785013,0.002491261785925318,-0.037895928835853646,-0.00047191486538285547,0.006758633819322424,0.11079972123105086
2006,0.050564647958107146,0.012129630937847491,,,-0.11355210053828022,-0.06610805596888318,-0.054673458387080744,-0.02738032837266716,0.017219672934921295,-0.008896393754102675,,,,,-0.0012093455570243068,0.0266861895049272,-0.057840547690140985,,-0.007133702752101785,,0.05477917422544781,-0.07022859019358878,-0.03241931571245249,0.001100917542387159,,0.0823716531727674,-0.004933593391651583,-0.0065142843984364865,-0.07093198096111818,,-0.04656294496035089,0.061905589094029746,,0.034820939368538584,-0.013366949233973491,0.005842119773219131,0.011603391477009627,-0.06084202594983323,-0.012456654933960198,0.01762622278692331
2007,0.013560521928358042,-0.10753134113032506,,,-0.11064941824196718,-0.05492002454496886,-0.014797129001938497,-0.04706191922337335,-0.12759911304704474,-0.088061432267585,,,,,0.004303236632129832,-0.09292312182354491,-0.001999967880286382,,-0.08127032624797444,,0.012389614629618573,-0.026922599469219162,-0.06499505951154812,0.0020152063245644646,,-0.12617638007320722,-0.09036571893151475,-0.04574082351299156,-0.10610999636345646,,-0.052812219890754686,0.04067302084220968,,0.062287094986236254,-0.08737893834752851,-0.04346206010769353,0.010587938196961574,-0.16225805020886838,-0.08258048732600642,0.0
2008,0.015448530047795705,-0.017265154657196555,,,-0.060037080563288374,-0.006917855016938501,-7.847182817540525e-05,-0.09050044457636064,-0.054675010158160293,-0.06703491125731455,,,,,-0.0019759048756578016,0.052276298210616065,0.05925299873972404,,-0.13534134786976199,,-0.13014040938196444,0.167815597826549,-0.031401332330984945,0.019483195236482617,,0.029462983033724504,-0.03815224033608867,-0.0673044912460409,-0.04034989338616198,,-0.06336651211383787,0.15726942425344945,,-0.02121421795079154,-0.025549382177330132,-0.10379679368164367,-0.041358635503197815,0.02329576689960307,0.07647896150948912,-6.909902504752285
2009,0.1654993446587076,0.0741018744254305,,,0.08615617064173244,0.06816701461355495,0.07092289412706507,-0.016983512203655977,0.09245044473451948,0.05149569111923966,,,,,-0.004479463776929196,0.10782348604673325,0.0688113930143371,,0.09162955222774602,,-0.09862352630913979,0.14851917606804513,0.05660924896568754,0.19173002825629776,,0.11752874449163098,0.10982494313198439,0.029348962064614938,0.07300829307821285,,0.028102117727146478,0.019652847151754235,,0.05925382415313839,0.15048173261931103,0.004059795205181276,0.046459448117234146,0.040081474058369995,0.1690351158744966,0.0
2010,0.04896855443518675,-0.14887988095990304,,,-0.1265758343656396,-0.10271573172730393,-0.09457247814720449,-0.008985156366425832,,0.04902656931918825,,,,,0.0022293680021649954,-0.057048878816015246,-0.13361526880408062,,-0.05040630042931905,,-0.06505103502937405,-0.0979151089583854,-0.09073662336734588,-0.0670209795504901,,-0.12657988019962124,-0.03984022210731685,-0.06389453129964852,-0.055408071336789766,,-0.06490990275019712,-0.13954619475980398,,-0.016841191547723927,-0.06039845551792323,-0.04020830932149246,-0.047189386739593116,-0.07912017598712345,0.013533690271687951,0.6837574402101063
2011,0.05339564363897254,-0.11615143276199129,,,-0.05117070121284684,-0.040425555989328905,-0.05350012093263568,-0.04634839470290754,,-0.04966140699011619,,,,,0.0019675046693653497,0.020167657415217425,-0.03583649624346906,,-0.04401421090844927,,-0.0965640984639186,-0.043141379742950854,-0.05136690769687001,-0.01564902194686707,,-0.09278774684278987,-0.0761243496891996,-0.025489361895527023,-0.04065113052527004,,-0.08088685284321998,-0.008938008717153223,,-0.02256438060931782,-0.1048625495231079,-0.1633312405673074,-0.06954180980415353,-0.03983667568992263,-0.03762742192947711,0.011723463696059234
2012,0.09884297217368353,-0.002586520504648745,,,0.15542271110804828,0.010560822317742696,0.005778569462270354,-0.024068870905153226,-0.028116769975518808,0.07866823977583479,,,,,-0.0034875750398636707,0.13607752588965843,0.0679007249455903,,0.07482639166177169,,0.001504513824418244,0.017214163821980835,0.009702807863692663,0.05685437005530172,,-0.023391005574952755,0.03785007112450674,-0.043033346011340255,-0.02534563207800329,,-0.006224583181323752,0.12316548101506956,,0.1436872615671158,0.04285691403510626,0.05671311782049844,0.005972192844145619,0.01927982081795399,0.011802369854800794,0.0
2013,0.18499962211779358,0.06749307682278888,,,0.09909573189403119,0.030058927283226646,0.017962121165879738,-0.02593044113275622,0.0392282046597857,-0.030714471323699897,,,,,-5.1568321591439505e-05,0.09194888945429135,0.10839003448618771,,-0.06564563445297836,,0.20110339379845893,-0.028360667553145508,0.020080867220829902,-0.030567369059395794,,-0.012150025113747461,0.010106710057230659,0.023971185242884243,0.005125490996418166,,0.0015198179144307225,0.1619896114884825,,0.011746729767206159,-0.03910317897299561,-0.011584383543792494,0.004118983506798844,-0.011627473066614933,0.013543514103075485,0.3470718721314814
2014,0.3915072463090996,0.06938658371422007,,,0.08620746871555118,0.06965284782940362,0.1409792890644698,0.0023071059316271208,0.06874562213472146,-0.0003383160794726283,,,,,-0.0002578815048783053,0.04167618437316661,0.12593657123573204,,-0.009180757208793326,,0.08010575738825731,-0.03948420625839463,0.038655014167021995,0.041755874042465814,,-0.013213504661763869,0.0689769907828006,0.04981181263510755,0.044894170670840824,,0.012234026118375532,0.11713299794513879,,0.01148012084261026,0.05164947442189831,-0.013249542219468169,0.02064129037119283,0.055907015814521455,-0.05250423251820037,0.03401137540870049
2015,0.1336861794060406,0.18286346432166703,,,0.3491269650035362,0.14694505555226223,0.1371721202397875,0.019398424215232263,0.31460703176153815,0.1805658178855754,,,,,-0.0002708471729150215,0.04972649382585464,0.12085360309402694,,0.08360517254382768,,0.13513781867279642,0.07227491313001003,0.17786093195445518,0.17670515272787501,,0.1718196287202663,0.24786056585821056,0.11307714461897085,0.02458547547261453,,0.08190558924577507,0.1632403994837646,,0.04004213544393013,0.20703218970081091,0.05124956324659821,0.046589022432089705,0.05338438769536968,0.07554351984980273,0.0
2016,0.4693398120013988,0.012115921152869203,,,0.04622135856667171,0.03555759504877892,0.034318411718896956,0.05598962039971693,0.10784768224903005,0.0008024966993313937,,,,,0.0012762091878909538,0.047072889529937864,-0.0060754484062061085,,-0.012780553236479367,,-0.1067016510471092,0.02554697122896703,-0.1778609319544551,0.16197698212902456,,0.005654662699051039,0.04031369118860263,0.04506956458221189,0.042848949846641025,,0.005007085675966401,0.14183246153558343,,0.06904831551388983,0.01494409172482269,0.023201944200945786,0.016062343392528662,0.030345886616549488,0.12404755337522874,0.40864476102554387
2017,0.11535431862907149,-0.03049292855931046,,,-0.08981446769858863,-0.021120833910941484,-0.042432326715984105,0.01705591471493222,-7.331099597177538,-0.019318765589204697,,,,,0.003985708174353463,-0.031441525834819004,0.005440416278389288,,-0.06480587621621917,,0.03059615922414065,-0.02620138100125798,0.2730315995861166,0.01399293933765323,,-0.020465568886895807,-0.015391655665420332,-0.031638158540996754,0.05950926120390111,,-0.0004344048721657389,-0.0981981770241537,,0.04607749291090681,-0.001531188021606395,-0.0007106238561063699,-0.05912611713634674,-0.03917538326501179,0.04797968188813515,0.10058723690516862
2018,0.5284384454189304,0.025425098365810177,,,0.13530802992614258,-0.0014652017273279918,-0.011715405005367139,-0.021354401782967426,7.298343607859871,-0.044644533921201934,,,,,0.005783099319748883,0.04914110293422003,0.06200886864335215,,-0.0025034087230650613,,-0.015724300801233444,-0.026770103913148772,-0.06367695706666121,0.01660984978042521,,0.026572881922347767,-0.016971670818478148,0.02057496194397967,0.04380460662595105,,-0.023520152243714433,-0.00699164080391513,,0.0636455992983143,0.016657965198731667,-0.006929610935526935,-0.009151794279332468,-0.04921747996967327,-0.035900619443435,12.948178579374106
2019,0.5387295136799731,0.07316824289743207,,,0.07541300138951018,0.02605067719994255,0.09175313332012412,0.04347868005818835,0.10436092972741867,0.0547554473822094,,,,,0.00019134483586769163,0.029104489098401586,-0.006285118947365303,,-0.00855877459065223,,-0.012851655715631299,0.0572109109879521,0.025664703274948297,0.0008310825327724274,,0.054922623734669676,0.07888334211879132,0.0150832422113285,-0.016484994367960488,,0.008269391482506766,0.08738389052901528,,0.09546964199743588,0.08461179816390746,0.012297527810406245,0.02623842361766661,-0.0397779714569192,0.03975418875942502,-5.800231639068556
2020,0.38185878656377154,0.006920442844573757,,,0.269755856183629,0.007490671729157659,0.12026805028384964,-0.0014482261763647637,0.11884351901186375,-0.019682694458425028,,,,,-0.01025650016718911,0.05093821857513475,0.0302495401219877,,-0.03428907347863219,,-0.02076263295005629,0.01272164630623445,0.01438873745209967,0.1095573042844395,,0.008542880218209046,0.06808336710411078,0.043930929225726924,-0.04299617100178241,,0.014598799421152631,0.1302387806904827,,0.037607703636967256,-0.026782532796571397,-0.05182506786458602,-0.04462812941432458,0.007699749301302856,0.0,3.1496754266103575
2021,0.29856080410404234,-0.08548276534767595,,,0.04442479894476377,-0.06641091974846493,-0.04354019736526352,-0.06759633157497341,0.013105085894876904,-0.03943725035723748,,,,,0.0016995858132840135,-0.002432104968612329,-0.018975796360531587,,-0.0629274165630312,,0.027528063765069832,-0.03126451275603772,-0.013591953519467084,-0.05834708707563586,,-0.08550130167082122,-0.09223635259210766,0.10593341742084628,-0.007383092956012397,,-0.026805350095704398,-0.10774624029552608,,0.06857825171500252,-0.07125228569947692,-0.02826814613487842,-0.05732547229886482,0.021718336694318708,-0.06624938554120072,2.340816629407267
2022,0.31747505467748155,0.07974218175091394,,,-0.043649905453839184,0.03733558270833598,0.140352683336971,0.04371932831385348,0.128329349828185,0.12788490427566948,,,,,0.007459373500721316,0.06138827210173205,0.03716732074994462,,0.03933739357170095,,0.18080179966253843,0.12172743919632378,0.06036193790956707,-0.007178426329922477,,0.10937000826661844,0.11264243625485713,-0.011926509011729277,0.10078606514022931,,0.02586287712203747,0.10140173356601338,,0.4788150146947369,0.16491269950500326,0.043994893826985834,0.0646011713302411,0.09207250724402027,0.10559336525858265,-13.091929011245652
2023,0.8190149127147128,0.04310280690142418,,,-0.03339418821899876,0.03643623870995334,-0.03881351987610705,0.05019431157849322,0.016259687171081994,-0.036429851408084975,,,,,-0.00022987037965982825,0.04963798109177153,0.025726986274666564,,0.0926061500218228,,0.06612946024574089,0.010631886958566712,0.03559968413849006,-0.12516976757640252,,0.03225381736008726,0.09414455720913956,-0.024395317193913343,0.02092567363932995,,-0.026384040071703484,0.12048652201677278,,0.01933884286381611,0.047865538516864425,-0.060546082644982645,0.04450429231581403,-0.007414545225743084,-0.008416932968581457,1.4609938106399625
2024,1.1282822665753924,0.006885620425163615,,,0.0761353314741489,0.014780224207389189,0.1171285086101598,0.016283971900057766,-0.05939775703803974,0.000885052108990091,,,,,-0.0034031479948485152,0.012990319789680436,0.03958186616658179,,0.003953323499226958,,0.07505319503750721,0.04323041339803877,0.0030869289890263617,0.02853213084999901,,0.015049789003999066,0.017492117747360227,0.003255332810472994,0.029420919234184644,,-0.004702729526906114,-0.006110707282705066,,-0.0808289590955559,-0.003956848187339042,-0.020457046989520593,0.030164479927378807,0.013783088059406855,-0.027854847711830385,0.2921271052641587
2025,0.3064778427442249,0.023539703944992618,,,0.03645511201655773,0.0199457399976762,0.00660312207646376,-0.0014593368862559802,-0.00596157386114053,-0.04071443911552263,,,,,-0.0009488031688920614,0.04074550975980622,0.03848746701126285,,-0.06937128055166104,,-0.012960005939644487,0.04183268247658332,-0.06637785494522093,0.050526843019689065,,0.03896250185824294,-0.03356254595343715,0.0008521063518194314,0.013143938145281078,,-0.022702450618306523,-0.02523139920443297,,-0.00322026186432578,-0.0729796885271537,-0.05773305353663578,-0.029715171533799847,-0.07114096942315415,-0.030364341324977645,1.2298800550431106
