year,Argentina,Australia,Austria,Belgium,Brazil,Canada,Chile,China,Colombia,Denmark,Finland,France,Germany,Greece,Hong Kong,India,Indonesia,Ireland,Israel,Italy,Japan,Korea,Malaysia,Mexico,Netherlands,New Zealand,Norway,Peru,Philippines,Portugal,Singapore,South Africa,Spain,Sri Lanka,Sweden,Switzerland,Taiwan,Thailand,United Kingdom,Venezuela
1792,,,,,,,,,,,,,,,,,,,,,,,,,,,,,,,,,,,,,,,0.01984729,
1793,,,,,,,,,,,,,,,,,,,,,,,,,,,,,,,,,,,,,,,-0.00942345,
1794,,,,,,,,,,,,,,,,,,,,,,,,,,,,,,,,,,,,,,,-0.05181548,
1795,,,,,,,,,,,,,,,,,,,,,,,,,,,,,,,,,,,,,,,0.04774951,
1796,,,,,,,,,,,,,,,,,,,,,,,,,,,,,,,,,,,,,,,0.05461507,
1797,,,,,,,,,,,,,,,,,,,,,,,,,,,,,,,,,,,,,,,-0.03444858,
1798,,,,,,,,,,,,,,,,,,,,,,,,,,,,,,,,,,,,,,,0.01103033,
1799,,,,,,,,,,,,,,,,,,,,,,,,,,,,,,,,,,,,,,,0.06003079,
1800,,,,,,,,,,,,,,,,,,,,,,,,,,,,,,,,,,,,,,,-0.09576483,
1801,,,,,,,,,,,,,,,,,,,,,,,,,,,,,,,,,,,,,,,0.03748766,
1802,,,,,,,,,,,,,,,,,,,,,,,,,,,,,,,,,,,,,,,-0.02348878,
1803,,,,,,,,,,,,,,,,,,,,,,,,,,,,,,,,,,,,,,,-0.01263555,
1804,,,,,,,,,,,,,,,,,,,,,,,,,,,,,,,,,,,,,,,-0.00227324,
1805,,,,,,,,,,,,,,,,,,,,,,,,,,,,,,,,,,,,,,,0.04581633,
1806,,,,,,,,,,,,,,,,,,,,,,,,,,,,,,,,,,,,,,,-0.01931579,
1807,,,,,,,,,,,,,,,,,,,,,,,,,,,,,,,,,,,,,,,0.00177148,
1808,,,,,,,,,,,,,,,,,,,,,,,,,,,,,,,,,,,,,,,-0.04433109,
1809,,,,,,,,,,,,,,,,,,,,,,,,,,,,,,,,,,,,,,,0.01103967,
1810,,,,,,,,,,,,,,,,,,,,,,,,,,,,,,,,,,,,,,,0.06207666,
1811,,,,,,,,,,,,,,,,,,,,,,,,,,,,,,,,,,,,,,,0.11902426,
1812,,,,,,,,,,,,,,,,,,,,,,,,,,,,,,,,,,,,,,,0.05386632,
1813,,,,,,,,,,,,,,,,,,,,,,,,,,,,,,,,,,,,,,,-0.03608639,
1814,,,,,,,,,,,,,,,,,,,,,,,,,,,,,,,,,,,,,,,-0.12314044,
1815,,,,,,,,,,,,,,,,,,,,,,,,,,,,,,,,,,,,,,,-0.14535431,
1816,,,,,,,,,,,,,,,,,,,,,,,,,,,,,,,,,,,,,,,-0.0632642,
1817,,,,,,,,,,,,,,,,,,,,,,,,,,,,,,,,,,,,,,,0.12691341,
1818,,,,,,,,,,,,,,,,,,,,,,,,,,,,,,,,,,,,,,,0.02229899,
1819,,,,,,,,,,,,,,,,,,,,,,,,,,,,,,,,,,,,,,,-0.00270392,
1820,,,,,,,,,,,,,,,,,,,,,,,,,,,,,,,,,,,,,,,-0.00225887,
1821,,,,,,,,,,,,,,,,,,,,,,,,,,,,,,,,,,,,,,,-0.06396579,
1822,,,,,,,,,,,,,,,,,,,,,,,,,,,,,,,,,,,,,,,-0.03184202,
1823,,,,,,,,,,,,,,,,,,,,,,,,,,,,,,,,,,,,,,,0.03617208,
1824,,,,,,,,,,,,,,,,,,,,,,,,,,,,,,,,,,,,,,,-0.01353331,
1825,,,,,,,,,,,,,,,,,,,,,,,,,,,,,,,,,,,,,,,0.00727276,
1826,,,,,,,,,,,,,,,,,,,,,,,,,,,,,,,,,,,,,,,-0.01803607,
1827,,,,,,,,,,,,,,,,,,,,,,,,,,,,,,,,,,,,,,,-0.00344913,
1828,,,,,,,,,,,,,,,,,,,,,,,,,,,,,,,,,,,,,,,0.00147966,
1829,,,,,,,,,,,,,,,,,,,,,,,,,,,,,,,,,,,,,,,0.01370555,
1830,,,,,,,,,,,,,,,,,,,,,,,,,,,,,,,,,,,,,,,0.02068873,
1831,,,,,,,,,,,,,,,,,,,,,,,,,,,,,,,,,,,,,,,-0.02020271,
1832,,,,,,,,,,,,,,,,,,,,,,,,,,,,,,,,,,,,,,,0.0,
1833,,,,,,,,,,,,,,,,,,,,,,,,,,,,,,,,,,,,,,,0.01495085,
1834,,,,,,,,,,,,,,,,,,,,,,,,,,,,,,,,,,,,,,,0.03156917,
1835,,,,,,,,,,,,,,,,,,,,,,,,,,,,,,,,,,,,,,,-0.04457827,
1836,,,,,,,,,,,,,,,,,,,,,,,,,,,,,,,,,,,,,,,0.00676658,
1837,,,,,,,,,,,,,,,,,,,,,,,,,,,,,,,,,,,,,,,-0.05698842,
1838,,,,,,,,,,,,,,,,,,,,,,,,,,,,,,,,,,,,,,,0.04292076,
1839,,,,,,,,,,,,,,,,,,,,,,,,,,,,,,,,,,,,,,,-0.02023262,
1840,,,,,,,,,,,,,,,,,,,,,,,,,,,,,,,,,,,,,,,-0.00299551,
1841,,,,,,,,,,,,,,,,,,,,,,,,,,,,,,,,,,,,,,,0.001998,
1842,,,,,,,,,,,,,,,,,,,,,,,,,,,,,,,,,,,,,,,0.03962367,
1843,,,,,,,,,,,,,,,,,,,,,,,,,,,,,,,,,,,,,,,0.00191663,
1844,,,,,,,,,,,,,,,,,,,,,,,,,,,,,,,,,,,,,,,-0.01495085,
1845,,,,,,,,,,,,,,,,,,,,,,,,,,,,,,,,,,,,,,,-0.0024325,
1846,,,,,,,,,,,,,,,,,,,,,,,,,,,,,,,,,,,,,,,0.01114083,
1847,,,,,,,,,,,,,,,,,,,,,,,,,,,,,,,,,,,,,,,0.00480539,
1848,,,,,,,,,,,,,,,,,,,,,,,,,,,,,,,,,,,,,,,-0.01545925,
1849,,,,,,,,,,,,,,,,,,,,,,,,,,,,,,,,,,,,,,,0.01113543,
1850,,,,,,,,,,,,,,,,,,,,,,,,,,,,,,,,,,,,,,,-0.01162241,
1851,,,,,,,,,,,,,,,,,,,,,,,,,,,,,,,,,0.0,,,,,,-0.00880632,
1852,,,,,,,,,,,,,,,,,,,,,,,,,,,,,,,,,0.0,,,,,,0.00245399,
1853,,,,,,,,,,,,,,,,,,,,,,,,,,,,,,,,,-0.02020271,,,,,,0.00293686,
1854,,,,,,,,,,,,,,,,,,,,,,,,,,,,,,,,,0.0,,,,,,0.00097704,
1855,,,,,,,,,,,,,,,,,,,,,,,,,,,,,,,,,0.02020271,,,,,,-0.0004884,
1856,,,,,,,,,,,,,,,,,,,,,,,,,,,,,,,,,0.0,,,,,,-0.00489717,
1857,,,,,,,,,,,,,,,,,,,,,,,,,,,,,,,,,0.0,,,,,,0.00391965,
1858,,,,,,,,,,,,,,,,,,,,,,,,,,,,,,,,,0.01980263,,,,,,0.00633685,
1859,,,,,,,,,,,,,,,,,,,,,,,,,,,,,,,,,-0.01980263,,,,,,-0.00829475,
1860,,,,,,,,,,,,,,,,,,,,,,,,,,,,,,,,,-0.02020271,,,,,,0.0102365,
1861,,,,,,,,,,,,,,,,,,,,,,,,,,,,,,,,,0.02020271,,,,,,0.01587717,
1862,,,,,,,,,,,,,,,,,,,,,,,,,,,,,,,,,0.0,,,,,,-0.1523226,
1863,,,,,,,,,,,,,,,,,,,,,,,,,,,,,,,,,0.0,,,,,,-0.24151585,
1864,,,,,,,,,,,,,,,,,,,,,,,,,,,,,,,,,0.01980263,,,,,,-0.34271959,
1865,,,,,,,,,,,,,,,,,,,,,,,,,,,,,,,,,-0.01980263,,,,,,0.25936876,
1866,,,,,,,,,,,,,,,,,,,,,,,,,,,,,,,,,0.0,,,,,,0.11195411,
1867,,,,,,,,,,,,,,,,,,,,,,,,,,,,,,,,,0.0,,,,,,0.01839916,
1868,,,,,,,,,,,,,,,,,,,,,,,,,,,,,,,,,0.01980263,,,,,,-0.01086229,
1869,,,,,,,,,,,,,,,,,,,,,,,,,,,,,,,,,-0.01980263,,,,,,0.05122503,
1870,,,,,,,,,,,,,,,,,,,,,,,,,,,,,,,,,0.0,,,,,,0.14913534,
1871,,,,,,,,,,,,,,,,,,,,,,,,,,,,,,,,,-0.02020271,,,,,,0.02319265,
1872,,,,,,,,,,,,,,,,,,,,,,,,,,,,,,,,,0.02020271,,,,,,0.00272554,
1873,,,,,,,,,,,,,,,,,,,,,,,,,,,,,,,,,0.01980263,,,,,,-0.01868186,
1874,,,,,,,,,,,,,,,,,,,,,,,,,,,,,,,,,0.0,,,,,,0.02302733,
1875,,,,,,,,,,,,,,,,,,,,,,,,,,,,,,,,,0.0,,,,,,-0.03082247,
1876,,,,,,,,,,,,,,,,,,,,,,,,,,,,,,,,,0.0,,,,,,0.03028032,
1877,,,,,,,,,,,,,,,,,,,,,,,,,,,,,,,,,0.01941809,,,,,,0.06609642,
1878,,,,,,,,,,,,,,,,,,,,,,,,,,,,,,,,,0.0,,,,,,0.03736425,
1879,,,,,,,,,,,,,,,,,,,,,,,,,,,,,,,,,0.0,,,,,,0.00730819,
1880,,,,,,,,,,,,,,,,,,,,,,,,,,,,,,,,,-0.01941809,,,,,,0.00193986,
1881,,,,,,,,,,,,,,,,,,,,,,,,,,,,,,,,,0.01941809,,,,,,0.00290276,
1882,,,,,,,,,,,,,,,,,,,,,,,,,,,,,,,,,0.01904819,,,,,,-0.00824647,
1883,,,,,,,,,,,,,,,,,,,,,,,,,,,,,,,,,0.0,,,,,,0.00437425,
1884,,,,,,,,,,,,,,,,,,,,,,,,,,,,,,,,,-0.01904819,,,,,,-0.0009704,
1885,,,,,,,,,,,,,,,,,,,,,,,,,,,,,,,,,0.01904819,,,,,,-0.00048555,
1886,,,,,,,,,,,,,,,,,,,,,,,,,,,,,,,,,0.0,,,,,,-0.00097182,
1887,,,,,,,,,,,,,,,,,,,,,,,,,,,,,,,,,-0.01904819,,,,,,0.00194269,
1888,,,,,,,,,,,,,,,,,,,,,,,,,,,,,,,,,0.01904819,,,,,,-0.00388916,
1889,,,,,,,,,,,,,,,,,,,,,,,,,,,,,,,,,0.01869213,,,,,,0.00048697,
1890,,,,,,,,,,,,,,,,,,,,,,,,,,,,,,,,,0.0,,,,,,0.0014595,
1891,,,,,,,,,,,,,,,,,,,,,,,,,,,,,,,,,0.01834914,,,,,,0.0,
1892,,,,,,,,,,,,,,,,,,,,,,,,,,,,,,,,,0.08701138,,,,,,-0.00243368,
1893,,,,,,,,,,,,,,,,,,,,,,,,,,,,,,,,,0.03278982,,,,,,0.00194742,
1894,,,,,,,,,,,,,,,,,,,,,,,,,,,,,,,,,0.0,,,,,,-0.00292255,
1895,,,,,,,,,,,,,,,,,,,,,,,,,,,,,,,,,-0.03278982,,,,,,-0.00195313,
1896,,,,,,,,,,,,,,,,,,,,,,,,,,,,,,,,,0.04879016,,,,,,0.00341547,
1897,,,,,,,,,,,,,,,,,,,,,,,,,,,,,,,,,0.06155789,,,,,,0.00146021,
1898,,,,,,,,,,,,,,,,,,,,,,,,,,,,,,,,,0.18975654,,,,,,0.00339889,
1899,,,,,,,,,,,,,,,,,,,,,,,,,,,,,,,,,-0.22006188,,,,,,-0.00339889,
1900,,,,,,,,,,,,,,,,,,,,,,,,,,,,,,,,,0.03030535,,,,,,0.0,
1901,,,,,,,,,,,,,,,,,,,,,,,,,,,,,,,,,0.0719735,,,,,,-0.00194742,
1902,,,,,,,,,,,,,,,,,,,,,,,,,,,,,,,,,-0.02817088,,,,,,0.00048721,
1903,,,,,,,,,,,,,,,,,,,,,,,,,,,,,,,,,0.0,,,,,,0.00146021,
1904,,,,,,,,,,,,,,,,,,,,,,,,,,,,,,,,,0.01418463,,,,,,-0.00097324,
1905,,,,,,,,,,,,,,,,,,,,,,,,,,,,,,,,,-0.04317217,,,,,,0.00097324,
1906,,,,,,,,,,,,,,,,,,,,,,,,,,,,,,,,,-0.14197026,,,,,,0.00242895,
1907,,,,,,,,,,,,,,,,,,,,,,,,,,,,,,,,,-0.01709443,,,,,,-0.00145666,
1908,,,,,,,,,,,,,,,,,,,,,,,,,,,,,,,,,0.0,,,,,,-0.00145879,
1909,,,,,,,,,,,,,,,,,,,,,,,,,,,,,,,,,-0.03509132,,,,,,-0.00146092,
1910,,,,,,,,,,,,,,,,,,,,,,,,,,,,,,,,,0.0,,,,,,0.00194742,
1911,,,,,,,,,,,,,,,,,,,,,,,,,,,,,,,,,0.0,,,,,,0.00048626,
1912,,,,,,,,,,,,,,,,,,,,,,,,,,,,,,,,,0.0,,,,,,-0.00097276,
1913,,,,,,,,,,,,,,,,,,,,,,,,,,,,,,,,,0.0,,,,,,-0.00048674,
1914,,,0.02565929,-0.00719691,,-0.0010005,,,,0.00483086,,-0.01731729,0.00640344,,,,,,,-0.01319457,,,,,-0.01223096,,,,,,,,-0.03636764,,,-0.01277602,,,-0.01273903,
1915,,,0.24636763,,,0.00499252,,,,0.03163137,,0.08895584,0.13615796,,,,,,,0.15236165,,,,,0.00300093,,,,,,,,-0.02524184,,,0.03717303,,,0.03583919,
1916,,,0.2009865,,,-0.00199402,,,,-0.09320997,,0.05553103,0.12547863,-0.02297443,,,,,,0.07940678,,,,,-0.03213541,,-0.1009392,,,,,,-0.05107941,,-0.11119213,-0.0203276,,,-0.00190476,
1917,0.03256954,,0.11228132,,-0.05224386,0.0,,,,-0.0589306,,-0.02111485,0.04935329,-0.01291406,-0.22442445,,,,,0.13663725,-0.01020417,,,,-0.00372846,,-0.06557157,,,0.0317594,,,-0.12328212,,-0.12233687,-0.09046198,,,0.00047653,
1918,-0.00010015,,,,-0.01137663,,-0.0539831,,,-0.00690188,,-0.02601201,0.30884915,0.01858112,-0.20333024,,,,,0.04593873,-0.03125254,,,,-0.11413821,,-0.00893507,,,0.04395242,,,-0.08593286,,-0.00999219,-0.08518484,,,0.0,
1919,0.01135244,,,,-0.0546496,,0.27175047,,,0.26146819,,0.2634868,1.4299716,,,,,,,0.11225605,0.03125254,,,,0.18380239,,0.22711431,,,,,,0.21745564,,0.25720277,0.18474291,,,0.0734612,
1920,0.08772901,,,0.54808665,0.17188966,0.06835532,0.20068095,,,0.38937838,,0.66448755,0.55296661,,,,,,,0.82746697,0.02030527,,,,0.12871456,,0.39659489,,,,,,0.21814356,,0.22020188,0.11604565,,,0.189013,
1921,0.21708442,,,-0.00888802,0.53995659,-0.00268217,0.4295984,,,-0.1205475,,-0.05736963,0.3741264,,,,,,,0.14626004,0.03941397,,,,0.02266405,,0.10336832,,,,,,0.16367934,,-0.1123643,-0.02632339,,,-0.04919332,
1922,-0.11393041,,2.33902826,-0.03133422,0.01313819,-0.09575791,-0.01742019,,,-0.16300478,-0.26727724,-0.09536237,1.64579059,0.41893609,-0.06351426,,,,,-0.10221676,0.00961546,,-0.14683424,-0.0024325,-0.13464719,,-0.16047617,,,0.40265765,,,-0.13469772,,-0.13198311,-0.09404068,,,-0.14026245,
1923,0.0404063,,1.93565195,0.38669484,0.23581478,0.00491401,-0.001798,0.05561496,,0.13158669,-0.21529156,0.29909865,4.75488207,0.656823,0.05183914,-0.08076136,,,,0.0329785,-0.01445808,,-0.05226917,0.00340384,-0.01555772,,0.04860847,,,0.45006718,,,0.06882771,,-0.01473503,0.05415753,,,-0.03240608,
1924,0.00564132,,0.0,0.1167712,-0.06727669,-0.0068864,0.14925931,-0.00142184,,0.09363263,0.06764809,0.14951822,15.97422528,-0.04332865,0.00816589,-0.01886848,,,,0.0543578,0.16518527,,0.04288278,0.00048532,0.0229984,,0.17888697,,,0.22819911,,,0.08032506,,0.00122077,-0.0089799,,,0.03505977,
1925,-0.15666706,,-9.21386899,-0.02429658,-0.1086663,-0.01291623,-0.0956329,-0.07681139,,-0.23397137,-0.00564799,0.09394771,-25.35868097,0.13663335,-0.07437035,-0.13217177,,,,0.09135635,0.00410678,,-0.09133061,-0.0176216,-0.04974591,,-0.24909638,,,-0.39799026,,,-0.07278024,,-0.01219478,-0.05880626,,,-0.08910158,
1926,-0.00835059,,-0.00174366,0.37647878,-0.16857866,0.0,-0.0399961,0.12976856,,-0.21598997,0.00035803,0.3853211,0.00023801,0.21613931,0.05813133,-0.00362977,,,,0.02241894,-0.14058195,,-0.00207988,0.02197891,0.00156504,,-0.22226317,,,-0.01686307,,,-0.03772543,,0.00310951,0.00071483,,,-0.00629695,
1927,-0.04398694,,-0.0001689,-1.44967133,0.1983649,0.0,0.00094153,0.12878454,0.00784548,-0.01887573,0.00047634,-0.19069689,0.00142687,-0.04614152,0.08040363,0.0,,,,-0.28190362,-0.00472814,,0.00398731,0.02292364,-0.00020051,,-0.15378222,,,0.01898756,,,-0.13561685,,-0.00187527,0.00264237,,,-0.00048603,
1928,-0.00192771,,0.00015483,-0.00089101,-0.01138189,0.0009995,-0.00659725,-0.04880335,-9.769e-05,-0.00066835,0.00095199,0.0007845,-0.00404811,0.00984171,-0.01742282,-0.00364299,,,,-0.0194191,0.01877989,,-0.00421242,-0.01858524,-0.00293202,,-0.02425576,,,0.11839136,,,0.02764285,,0.00053615,0.00011556,,,-0.00097276,
1929,0.01408272,0.00481929,0.00118153,0.00112754,0.01400653,0.00696867,0.00701944,0.09634147,0.0117517,0.00235062,0.00051591,0.00125392,0.00214516,0.00846873,0.05976713,0.00727276,,,,0.00451089,0.00925933,,0.00482876,-0.00192586,0.00152733,0.00241955,0.00016011,,,-0.00087154,,0.00193517,0.12234891,,0.00061622,-0.00102128,,,0.00194458,
1930,0.13030368,0.04695698,-0.00223766,-0.00287008,0.09719327,-0.00597017,-0.00152073,0.33687919,0.00057915,-0.00317999,-0.00035734,-0.00227389,-0.00190658,-0.00193032,0.33166307,0.00361664,,,,-0.00078532,-0.07162966,,0.00089581,0.02239789,-0.00156756,0.03186952,-0.00285917,,,-0.00504301,,-0.00096712,0.22994221,,-0.00262826,-0.00531592,,,-0.00097182,
1931,0.22416182,0.26447918,0.00472276,0.00171468,0.42147458,0.03529778,0.00095374,0.28770451,-0.00077228,0.0658976,0.05278119,0.0012552,0.00949675,0.00254967,0.33032103,0.06971463,,,,0.00595302,0.01474228,,0.06494417,-0.010898,-0.00012068,0.11986161,0.06583384,,,0.05735638,,0.00626961,0.20071736,,0.06144887,-0.00096957,,,0.0694789,
1932,0.13273857,0.22876154,0.00449118,0.00107192,-0.01318862,0.08933687,0.42260924,0.03175501,0.01352474,0.28566285,0.42896473,-0.00192266,-0.00497455,0.44057537,0.03640848,0.24643911,,,,0.01570361,0.55192075,,0.26097555,0.40276176,-0.0016105,0.25999755,0.33047341,,,0.28348602,,0.00861662,0.17114064,,0.3127762,-0.00021343,,,0.25729299,
1933,-0.22174193,-0.18400364,-0.10128326,-0.25191289,-0.11157301,-0.04321104,0.0294077,-0.2743602,0.15371504,-0.01262121,-0.18508309,-0.2476349,-0.25077178,0.14000934,-0.22743427,-0.19077827,,,,-0.26934878,0.09121601,,-0.19777525,0.12497579,-0.2496637,-0.06004442,-0.17418108,,,-0.20329806,,0.13864224,-0.28710576,,-0.17630706,-0.24673977,,,-0.18935888,
1934,0.77585742,-0.17627924,-0.19602142,-0.26310021,-0.05661286,-0.09347194,-0.27854531,-0.17578838,0.27943739,-0.16534091,-0.17460517,-0.26670553,-0.25476429,-0.26227024,-0.27350878,-0.17344388,,,,-0.24375166,-0.14606381,,-0.18106201,0.01312318,-0.26447158,-0.168477,-0.16666843,,,-0.16278851,,-0.18298568,-0.23916741,,-0.16487527,-0.26485588,,,-0.1730427,
1935,0.02781636,0.03162319,-0.00201289,0.23422691,0.01580115,0.01503788,0.69103984,-0.07014785,0.0980809,0.02778018,0.02961333,-0.00487292,-0.02229392,0.00170971,-0.21948191,0.02616972,,,,0.03739146,0.03211955,,0.03153663,-0.00138793,-0.00493094,0.02817088,0.02758985,,,0.0333989,,0.02752016,-0.00462619,,0.02772404,-0.00402154,,,0.02733089,
1936,-0.01454021,-0.0156866,0.00208806,0.0853503,-0.0324299,-0.00398804,-0.00797691,0.20641577,-0.01899865,-0.01388238,-0.01268213,0.07666028,-0.00080548,0.01038311,0.41908205,-0.01487016,,,,0.12314777,-0.00865806,,-0.01881404,0.0005554,0.04895782,-0.01935672,-0.01398694,,,-0.01237449,,-0.01415694,0.10508691,,-0.01397094,0.0736831,,,-0.01382056,
1937,0.00538675,0.00394478,0.00116441,0.0023993,-0.00878652,-0.0009995,-0.0088782,0.0048672,0.00631635,0.00542163,0.00420965,0.412856,0.00201248,0.02551379,0.03256987,0.00373832,,,,0.32649534,0.00578036,,0.00488174,0.00055509,0.15818626,0.00477518,0.00537984,,,0.00751741,,0.00392542,0.71022742,,0.0054691,0.27467712,,,0.00545231,
1938,0.01104585,0.01174182,-0.00774431,-0.00106377,0.39145391,0.00598207,-0.00036712,0.32646629,0.01368997,0.01114878,0.01124985,0.34058487,0.00120555,0.01077158,0.0077662,0.01848481,,,,5.261e-05,0.0143064,,0.01838181,0.22646765,0.00066032,0.01183913,0.01109133,,,0.01179114,,0.01120051,0.07772047,,0.01142899,0.00290888,,,0.01081623,
1939,0.05504464,0.09637081,,0.00251407,-0.02682904,0.03419972,-0.00021206,0.58671098,-0.01960681,0.07013582,0.07803546,0.13673535,0.00240674,0.09415964,0.10379379,0.09431068,,,,0.01233809,0.08961216,,0.09547057,0.13648609,0.03087334,0.10032629,0.0560783,,,0.09202824,,0.09553027,-0.64092583,,0.04906969,0.0152751,,,0.09775218,
1940,0.03554866,0.14756671,,-0.0016866,-0.00887523,0.12108636,0.00113734,0.68307045,-0.00039951,0.05235989,0.06407238,0.18674244,0.0012012,0.19404187,0.17884253,0.10135249,,,,0.03034645,0.10354068,,0.09644302,0.03991829,0.00388598,0.14692602,0.0225064,,,0.08432384,,0.10081676,0.13135383,,0.00788572,-0.00668959,,,0.14658332,
1941,0.0,,,,-0.00021199,-0.02595085,7.75e-05,0.12151461,0.00142609,,-0.07171165,-2.95442305,2.06589482,,-0.06875184,0.0,,,,-0.00587944,0.0,,-0.00329397,-0.1020278,,-0.05155133,,,,-0.0755686,,0.0,0.02077508,,-0.00111933,-0.02326166,,,-0.05147473,
1942,,,,,,,,,,,,-0.79398821,,,,0.0,,,,,,,0.00460852,-0.0014387,,-0.00064537,,,,,,0.0,,,,,,,-0.00080678,
1943,,,,,,,,,,,,-0.01784169,,,,0.0,,,,,,,,-0.00041144,,-0.00452929,,,,,,0.0,,,,,,,0.0,
1944,,,,,,,,,,,,0.00179856,,,,0.0,,,,,,,,-0.00020578,,-0.00064872,,,,,,0.0,,,,,,,0.0,
1945,,,,,,,,,,,,3.81951751,,,,0.0,,,,,,,,0.0,,0.00323939,,,,,,-0.0027894,,,,,,,0.00120992,
1946,,,,0.00135696,,,,,,,,0.85187441,5.31860785,,,0.0,,,,,,,,0.0,0.00318134,0.00258398,,,,,,-0.00359785,,,,,,,-0.00040314,
1947,,,,0.00052721,,0.01389555,,,,0.00058436,,0.00024383,0.1769234,,,0.0,,,,0.1769234,,,,0.00020578,0.0013981,0.00096727,0.00080673,,,0.00564608,,-0.00080128,0.0,,-0.07323908,0.0,,,0.00080613,
1948,,,,4.335e-05,,0.0033064,,,,0.00031291,,0.9534872,0.7584942,,,-0.00301659,,,,0.7584942,,,,0.08704567,0.0024514,-0.08399831,8.064e-05,,,0.00223668,,0.0,0.0,,0.0,0.0,,,-0.00040298,
1949,0.62874725,,,0.03601133,0.0,-0.0128272,0.08701112,,0.10763066,0.08713304,,0.07131002,0.02384547,,,0.08675958,,,0.36473211,0.02384547,,,,0.40181202,0.08703021,-0.04077818,0.08690554,-0.08351664,0.0,0.03502578,,0.08928001,,,0.08802413,0.00210045,,,0.08902467,-0.11160218
1950,0.44104055,,,0.10032961,0.0,0.0150254,0.28768346,,0.0,0.27684648,,0.05414106,-4.94382291,,,0.28282264,,,0.0,0.0594112,,,0.27052892,0.08685362,0.27401966,0.27500623,0.27655985,0.00940867,0.0,0.11156436,,0.27514041,,,0.27610488,0.00764098,,,0.27487923,0.11266827
1951,0.03090134,0.0,,0.00246356,0.0,-0.03728298,0.15415128,,0.20252426,0.0001884,,0.00069997,0.0,,,0.0,,,0.0,0.00062419,,,-0.00183781,0.00057834,-0.00044639,0.00055448,0.0,0.02183348,0.0,-0.00100692,,0.00027836,,,0.00027062,0.00327998,,,0.00028007,-0.11655177
1952,-0.03375848,0.00222966,,-0.00095567,0.0,-0.07286687,0.10178223,,0.04481402,-4.347e-05,,0.0,0.0,,,-0.00208986,,0.00251995,0.0,0.0,,,0.00752671,-0.00208358,-0.00191911,0.00249135,0.0,0.02072613,0.0,-0.00327778,,0.00055648,,,3.865e-05,-0.00376596,,,0.00251713,-0.01204471
1953,0.0,-0.00670394,,-0.00656934,0.81676285,0.00509425,0.13554495,,0.0,-0.00014493,,0.0,0.0,,,-0.00629593,,-0.00588979,1.02166237,0.0,,,0.00022819,-0.00173964,-0.00097411,-0.00721424,0.0,0.24294618,0.0,-0.00097287,,-0.00725855,,,0.0001546,-0.00727158,,,-0.00700774,-0.02982542
1954,0.0,0.00223964,0.0,0.00170132,0.34967333,-0.01124181,0.25910893,,0.0,0.00068098,,0.0,0.0,,,0.00210305,,0.00140548,0.58888727,0.0,,,-0.00143519,0.24874455,-0.00152889,0.0013914,0.00053244,-0.04577811,0.0,-0.00037336,,0.00139997,,,-0.00050253,-0.00023319,,,0.00140548,0.13524653
1955,0.94866513,0.00668899,0.0,0.00350943,0.15180509,0.01327227,0.56580624,,0.0,0.00011586,,0.0,0.00309414,,,0.00628274,,0.00643989,0.0,0.0,,,0.00052213,0.12275897,0.00570821,0.00609927,0.0,0.0,0.0,0.0,,0.0061367,,,0.0,-0.00037322,,,0.00643989,-0.12809364
1956,0.03671384,-0.0022247,0.0,-0.00625977,-0.01418455,-0.00203046,0.72951593,,0.0,0.0,,0.00035123,-0.00095102,,,-0.00208986,,-0.00167598,0.0,0.0,,,0.00130412,0.0,0.00447533,-0.00138293,0.0,0.0,0.0,0.0,,-0.00166991,,,0.0,-0.00016333,,,-0.00167598,0.00432901
1957,-0.0120888,0.0,0.00106039,0.00621001,0.08223896,-0.02573482,0.43927882,,0.4140602,0.0,,0.18365158,-0.00047585,,,0.0,,0.00083834,0.0,0.0,0.0,,0.00169282,0.0,-0.00219591,0.00082999,0.0,0.0,0.0,0.0,,0.00083531,,,9.666e-05,0.00018666,,,0.00083834,0.03307842
1958,0.63757733,-0.00446429,8.093e-05,-0.0069093,0.52907636,0.01243539,0.30133533,,0.52195503,0.0,,0.00084313,-0.00214413,,,-0.00629593,,-0.00588319,0.0,-0.00062419,0.0,,-0.00737818,0.0,-0.00943961,-0.00582445,-1.401e-05,0.22776444,0.0,0.0,,-0.00586185,,,0.00013531,9.332e-05,,,-0.00588319,0.0
1959,0.1325409,0.0,-0.00215262,0.00159823,0.15746687,-0.01243539,0.29275472,,0.0,-0.00178291,,0.15260707,-0.00310522,,,0.0,,0.00028094,0.0,-0.00560637,0.00036121,,-0.00272341,0.0,-0.00277782,0.00027813,-0.00138777,0.15642327,0.0,-0.00191785,,0.00055975,0.14583303,,0.00025124,0.00801594,,,0.00028094,0.0
1960,0.03647828,0.0,0.00410064,-0.00204532,0.21383349,0.011405,-6.80261294,,0.03606068,0.00020309,,-4.60553098,-0.00215543,,,0.00420169,,0.00056164,0.0,0.0,0.0,,0.00121497,0.0,-0.00076857,0.00027805,0.00068712,-0.02176929,0.00747201,0.00085632,,0.00027976,0.21276248,,-0.00129552,-0.00043979,,,0.00028086,0.0
1961,-0.00041268,0.00223464,-0.00051936,4.813e-05,0.36731273,0.04337543,0.00104807,,0.00974886,0.0015943,,0.00020385,-0.03786943,,,0.0,,0.00196326,0.0,0.0,0.003245,,0.0048125,0.0,-0.03856766,0.00194418,0.00128882,-0.01783257,0.00247832,0.00080323,,0.69510331,-0.00048087,,-0.00021286,4.63e-05,,,0.00224404,0.0
1962,0.33845203,-0.00223464,-0.0052897,-0.00204137,0.36258113,0.05380741,0.00711679,,0.02958778,-0.00055047,,-0.00101968,-0.00449215,,,-0.00209864,,-0.00196326,0.47692407,-0.00043479,-0.00077562,,-0.00297644,0.0,-0.00724561,-0.00194418,-0.00071425,0.00012305,0.61277439,-0.00220169,,-0.002096,-0.00066095,,-0.00228625,0.00115687,,,-0.00224404,0.0
1963,0.17688211,0.00223464,-0.00012767,0.00204137,0.39336563,0.00931105,0.42753445,,0.26552927,0.00042012,,0.0,-0.00275517,,,0.00209864,,0.00252348,0.03390155,0.00124269,0.00174431,,0.00284579,0.0,-0.00052749,0.00277624,0.00163782,0.0,0.04766548,0.00271821,,0.00279369,-0.00059972,,0.00647702,-0.00064768,,,0.00280426,0.0
1964,0.01200262,0.00222966,-0.00020895,-0.0023408,0.77892501,0.0,0.35258471,,0.0,0.00164981,,0.0,-0.00301432,,,0.00209424,,0.00307564,0.0,0.00454869,0.00138221,,0.00300056,0.0,0.00166482,0.00276855,0.00107642,0.0,0.0,0.00260993,,0.002925,5.999e-05,,-0.00735027,-0.00055549,,,0.00307564,0.2724169
1965,0.18880962,0.0,-0.0001548,-0.0022355,0.41578657,-0.00092721,0.31340583,,0.15176689,0.0,,0.00020402,0.00476849,,,0.0,,-0.00139684,0.0,0.00062435,-0.00132688,,-0.00133609,0.0,-0.00180368,-0.00138332,-0.00093656,0.0,-0.00025579,-0.00083207,,-0.00139179,5.999e-05,,0.001455,0.00198908,,,-0.00139684,0.01152685
1966,0.20980357,0.69426015,0.00046434,0.00383009,0.15617927,-0.00092807,0.19883164,,0.25369822,-0.00102719,,0.00244499,0.00125109,,,0.23230646,,0.00083834,0.0,-0.00062435,0.00232089,,0.00218245,0.0,0.00520791,0.00110681,6.992e-05,0.0,-0.00230503,0.00011493,,0.00111359,0.00066126,,0.00143353,-0.00034665,,,0.00083834,0.0
1967,0.46636625,0.0,-5.029e-05,-0.00288779,-6.72542621,0.00185529,0.27464663,,0.07190025,0.01041099,,0.00142349,-0.00300526,,,0.22347517,,0.01552138,0.02738816,-0.00049976,-0.0005521,,0.00058552,0.0,-0.00468035,0.02188271,-6.992e-05,0.12029211,0.0,0.00117639,,0.0002782,0.01622558,,-0.00077462,0.00041596,,,0.01552138,0.0
1968,0.0485152,0.0,0.00033653,0.00493253,0.24275691,-0.00092721,0.30510435,,0.11600446,0.06959052,,0.00648169,0.00125329,,,0.0,0.68340739,0.13894849,0.12676252,-0.00124729,-0.00440011,,-0.00221376,0.0,0.00481849,0.88763736,-0.00106343,0.24639962,0.0,-0.0022949,,-0.00013909,0.13794484,,0.00123911,-0.00279953,,,0.13870911,0.0
1969,0.0,0.00111173,0.0005413,0.00420262,0.18228227,-0.00092807,0.22569682,,0.06127328,0.0047323,,0.04500463,-0.01743569,,,0.00264901,0.09552493,0.00143506,0.0,0.00637876,-0.0060645,,-0.00097822,0.0,0.0012148,0.00144678,0.00020998,0.0,0.0,-0.00426598,,0.00139005,0.00041951,,0.00036757,-0.00074169,,,0.00167444,0.0
1970,-4.52511869,-0.0022247,-0.00012757,-0.00982971,0.11965269,-0.03111991,0.26900297,,0.06282264,-0.00263666,,0.06500888,-0.07322599,,,0.0,0.10695434,-0.00239292,0.0,-0.00031407,-0.00064198,,0.00698951,0.0,-0.00212687,-0.00244962,0.00034986,0.0,0.41465353,0.00100087,,-0.00236423,-0.00098056,,0.00310922,-0.00055663,,,-0.00239292,0.0
1971,0.17607356,-0.02024816,-0.03432396,-0.02253584,0.14091578,-0.03310916,0.07933103,,0.07763115,-0.01296436,,-0.00344234,-0.04774847,,,-0.00796817,0.07715499,-0.02008537,0.18232156,-0.01426035,-0.03024478,,-0.01814339,0.0,-0.03549036,-0.01981601,-0.01509894,0.0,0.08565544,-0.01357221,,-0.00754721,-0.00718719,,-0.01595711,-0.0473876,,,-0.01984096,-0.00067438
1972,0.10054988,-0.0477112,-0.07738298,-0.09787627,0.11526139,-0.01899108,0.53450324,,0.09259316,-0.06282717,-0.01269426,-0.08836521,-0.08648845,,,0.00664454,0.05727182,-0.02274511,-0.00482113,-0.05754267,-0.13671031,,-0.07644786,0.00072026,-0.08374541,-0.0483411,-0.06639067,0.0,0.03708367,-0.04324924,,0.08056057,-0.07859168,0.11563743,-0.07044794,-0.07399197,,,-0.02323961,-0.01062517
1973,0.0,-0.1740129,-0.17798226,-0.1257906,0.03184248,0.00904074,1.23503623,,0.07789866,-0.14347268,-0.08649316,-0.12822095,-0.18558912,,,0.09229541,0.0,0.02005266,0.00355843,-0.00349589,-0.11228396,,-0.14066863,0.0,-0.14399988,-0.13089222,-0.13684178,0.0,0.01206179,-0.10398256,,-0.1058496,-0.09899042,0.02176243,-0.08861608,-0.19081264,,,0.02030275,-0.02205972
1974,0.0,-0.01428596,-0.03640609,0.00186336,0.10289791,-0.02224561,2.11322083,,0.09774561,0.00974812,-0.0126183,0.08009472,-0.02524035,,,-0.03065844,0.0,0.04621917,0.05941929,0.11189563,0.07343008,,-0.01678141,0.0,-0.03522368,-0.09781638,-0.04013251,0.0,0.00472535,0.03907029,,-0.02123099,-0.00921365,0.0478619,0.01787083,-0.06083862,,,0.04645317,-0.00442427
1975,1.98992703,0.09596399,-0.07033555,-0.05816627,0.17974946,0.03910273,2.11421382,,0.17113213,-0.05876328,-0.02673359,-0.115653,-0.05043753,,,0.04385599,0.0,0.05198344,0.35302232,0.00286738,0.01754491,,-0.00171044,0.0,-0.06151944,0.21367795,-0.05690585,0.04226715,0.06556922,0.00558632,,0.07419195,-0.00500556,0.04051038,-0.06759976,-0.13980742,,,0.05152724,0.0
1976,1.34215604,0.06820825,0.03043777,0.05011145,0.27252094,-0.03095604,-5.93000484,,0.11487286,0.05246264,0.05064643,0.10897378,0.02494095,,,0.06684516,0.0,0.2078754,0.22383459,0.24111443,-0.00104541,,0.0595286,0.14558841,0.04612181,0.20074779,0.04548028,0.32287469,0.02614528,0.16955166,,0.17242467,0.15260298,0.18896419,0.05030302,-0.03224498,,,0.2079171,0.00116618
1977,1.06884627,0.09653044,-0.08176948,-0.07396761,0.28157499,0.07519402,0.50060675,,0.05825167,-0.00675695,0.04031349,0.02889778,-0.08106959,,,-0.02254887,0.0,0.03371505,0.27607324,0.06128859,-0.10140198,,-0.03201904,0.44685406,-0.07397115,0.02273493,-0.02488369,0.4126267,-0.00498553,0.23425945,,-0.00126415,0.11845907,-0.00477442,0.02531953,-0.04162758,,,0.03389553,0.00069906
1978,0.66891781,-0.03153414,-0.13095422,-0.13073066,0.24496498,0.06993316,0.38520472,,0.0611688,-0.08611073,0.02339144,-0.08799216,-0.14635407,,,-0.06842291,0.06303136,-0.09473453,0.51233136,-0.03929539,-0.25068516,,-0.06178552,0.00775573,-0.12729263,-0.06732637,-0.0153169,0.61848255,-0.00501051,0.14108474,,-0.000115,0.01623705,0.62833743,0.01095218,-0.29958539,,,-0.09454272,0.0
1979,0.50380386,0.02374334,-0.0799749,-0.06898469,0.39958071,0.01739174,0.1626178,,0.0846908,-0.04561608,-0.05513049,-0.05573491,-0.08914469,,,-0.00366973,0.34339714,-0.06478153,0.37649849,-0.02101691,0.04960778,,-0.06341282,0.00153519,-0.07364524,0.01368968,-0.0342345,0.36276004,0.00162778,0.10907618,,-0.03178209,-0.13015772,-0.0062106,-0.05172568,-0.0653531,,,-0.10102267,0.0
1980,0.33288726,-0.02031673,-0.03357447,-0.00358491,0.67104656,0.00772868,0.04602246,,0.10541856,0.06835922,-0.04416425,-0.00754543,-0.00876238,,,-0.03364803,0.00623952,-0.00533553,-1.60100718,0.02975387,0.03415568,,0.00211553,0.0066399,-0.00986315,0.04897513,-0.0253735,0.2510741,0.01786601,0.02280101,,-0.07940972,0.06625129,0.03762614,-0.0136855,0.00772112,,,-0.09194221,0.0
1981,0.87399482,-0.00801378,0.20862382,0.24071243,0.56905872,0.02533919,0.0,,0.14193449,0.23610384,0.1477024,0.2527598,0.21895437,,,0.09542539,0.00762635,0.24334955,0.80230004,0.28505072,-0.02683164,,0.05718394,0.0664877,0.22933316,0.11404459,0.15100108,0.37983375,0.05049415,0.20925416,,0.11325983,0.25278434,0.1597285,0.18011708,0.15958714,,,0.1391853,0.0
1982,1.7728956,0.12313269,0.06740311,0.20769986,0.65631642,0.02877305,0.26646433,0.1082452,0.16217744,0.15656642,0.10881864,0.1901037,0.07037651,,0.08630918,0.08816279,0.04578591,0.12722018,0.75282343,0.17326374,0.12120674,,0.01494333,1.0897328,0.0665791,0.14532753,0.11713663,0.50183998,0.07789825,0.26037252,0.01662819,0.21796547,0.17521453,0.09013473,0.21544308,0.03265208,,0.05736291,0.14657588,0.0
1983,-7.80863827,0.11958809,0.05185586,0.11034806,1.16766337,-0.0008107,0.43673853,0.04285597,0.2073962,0.0919894,0.1458394,0.14689361,0.05059288,0.27336258,0.17864356,0.06335111,0.31831627,0.12933225,0.84005733,0.11518653,-0.0473157,0.05851918,-0.00819765,0.75316719,0.0660368,0.11729057,0.12292037,0.84789588,0.26335459,0.33172231,-0.01269351,0.02686253,0.26503682,0.1245905,0.19956334,0.03285806,,-0.00099989,0.14231979,0.00093132
1984,1.86010572,0.02493451,0.10738984,0.12191066,1.16395671,0.04906047,0.22306359,0.16266027,0.24570515,0.12380485,0.07563075,0.13667605,0.10790231,0.24885266,0.07457835,0.11668232,0.12065048,0.1388064,1.65171435,0.14484574,-0.00042105,0.0402466,0.01046053,0.21561902,0.11691457,0.14394651,0.11115643,0.75550723,0.40723324,0.28017254,0.00890235,0.25633326,0.11370194,0.07842507,0.07516882,0.11219231,,0.02538087,0.12563569,0.49041867
1985,-4.72216417,0.22788165,0.03299137,0.02711017,1.2104925,0.05337607,0.49070633,0.23335382,0.34471484,0.02329239,0.03220531,0.02754746,0.03352655,0.20515246,-0.00354903,0.08281757,0.07933013,0.01872633,1.39140559,0.08343172,0.00428644,0.06467699,0.05630036,0.28946925,0.03374154,0.15059152,0.05178768,-5.75539083,0.10818902,0.15271818,0.03152593,0.44053565,0.05564381,0.06688799,0.03941555,0.04375217,0.00643849,0.14247588,0.03041909,0.06656724
1986,0.44914112,0.04250126,-0.30373858,-0.2840484,-6.11818721,0.01741699,0.18179301,0.16216553,0.31118079,-0.26935695,-0.20030679,-0.25971744,-0.30390173,0.01099425,0.00162874,0.0216615,0.14398886,-0.2295882,-6.67499615,-0.24697282,-0.34819837,0.02604183,0.04048976,0.86778339,-0.30400715,-0.05297053,-0.14970555,0.23968943,0.09131054,-0.1386003,-0.01027617,0.02545319,-0.19375269,0.02710567,-0.18819012,-0.31154818,-0.05276028,-0.03282047,-0.12383242,0.07486007
1987,0.82150216,-0.0439028,-0.18765687,-0.17862073,1.05522317,-0.04713686,0.12860102,0.07505259,0.22224023,-0.16738092,-0.14132955,-0.14152497,-0.18851295,-0.03239208,-0.00066656,0.02662648,0.24812137,-0.103648,0.0693244,-0.13947731,-0.15207384,-0.06864735,-0.02528704,0.81215777,-0.18921477,-0.12310193,-0.09308383,0.18820729,0.00888808,-0.05912375,-0.03380183,-0.11716692,-0.12536311,0.05359608,-0.11596598,-0.18663587,-0.17535311,-0.02073409,-0.11072491,0.58438556
1988,1.40653764,-0.11192714,-0.02335546,-0.01545693,1.89942927,-0.07434004,0.11037874,0.0,0.20958249,-0.01568948,-0.04895708,-0.00868699,-0.02306713,0.04707684,0.00110215,0.07156555,0.02517027,-0.02455127,0.00269297,0.004124,-0.1206138,-0.11730491,0.03908937,0.50038075,-0.0242757,-0.09987114,-0.03265978,2.03500166,0.02529958,0.02150922,-0.04496776,0.11064454,-0.05841624,0.07665436,-0.03363048,-0.01860613,-0.10332254,-0.01812644,-0.08251926,0.0
1989,3.87873035,-0.00945634,0.06871769,0.06890406,-4.52668683,-0.03892831,0.08576917,0.00957507,0.24588107,0.08250898,0.02426617,0.06809762,0.06819574,0.13546614,-0.00082009,0.1537395,0.04885513,0.07262559,0.18113253,0.05227255,0.0744033,-0.08555694,0.03338086,0.07961419,0.0703268,0.09206861,0.05788449,3.02989654,0.02997983,0.08792937,-0.03138185,0.14084974,0.01625775,0.12195061,0.05065842,0.1114269,-0.08103554,0.01618469,0.08366652,0.87204334
1990,2.44397883,0.01415118,-0.15539806,-0.16472001,3.18225738,-0.01446218,0.13291733,0.24061016,0.27220951,-0.167828,-0.11488938,-0.1581031,-0.15123097,-0.02497094,-0.00139827,0.07600095,0.04025011,-0.15606687,0.05076613,-0.13559474,0.04897294,0.05250569,-0.00081277,0.13335059,-0.15265158,0.00292564,-0.10018091,4.25518491,0.11191305,-0.09887139,-0.07318978,-0.01262997,-0.14982592,0.10878192,-0.08613448,-0.16342852,0.01916608,-0.00451943,-0.08544905,0.30184701
1991,0.67071697,0.00233918,0.03084921,0.02280523,1.78393589,-0.01815874,0.13569695,0.10707645,0.23142559,0.03397263,0.05538283,0.03605943,0.02684725,0.14113999,-0.00240343,0.26117607,0.05669705,0.02665952,0.12256608,0.03526426,-0.07450062,0.0360555,0.01634934,0.07062751,0.02734704,0.03041568,0.03721016,-12.40171395,0.12249315,0.01440175,-0.04806527,0.06534706,0.01990647,0.0276107,0.02154536,0.03220719,-0.00592434,-0.00316796,0.00958814,0.19177898
1992,-9.17222141,0.05750449,-0.06122381,-0.06172919,2.40686807,0.05351595,0.03754347,0.03444137,0.18183174,-0.05895124,0.10282525,-0.06455033,-0.06145278,0.04381592,-0.00399707,0.21509718,0.04000332,-0.05439006,0.0760148,-0.00736626,-0.05977982,0.06302903,-0.07706867,0.02501877,-0.06243248,0.07243767,-0.04361042,0.47790116,-0.07427315,-0.06935311,-0.05892642,0.03173513,-0.01579567,0.06604679,-0.03810899,-0.02054963,-0.06161543,-0.00459374,0.00070659,0.18520391
1993,0.00844396,0.07845774,0.05719379,0.07295416,2.97536445,0.06484865,0.10859158,0.04583062,0.12811676,0.07175193,0.24378713,0.06808577,0.05783396,0.1852347,-0.00058155,0.10539603,0.02778901,0.15137148,0.14051662,0.2444684,-0.13220264,0.02652302,0.01074208,-6.89839664,0.05519481,-0.00620533,0.13338454,0.46750211,0.06112253,0.17610797,-0.00838166,0.1375157,0.21926811,0.09110217,0.29126314,0.04972423,0.04871446,-0.00307426,0.16186535,0.2839237
1994,0.0,-0.07332388,-0.01995901,-0.03397036,-3.91810774,0.05724454,0.03885037,0.40205069,-0.02134748,-0.02027728,-0.08968421,-0.02158293,-0.02014105,0.05448885,-0.00086649,0.00319081,0.03470298,-0.02176735,0.06199341,0.02391398,-0.0835147,0.0014634,0.01920213,0.08023967,-0.02148281,-0.09224587,-0.00644243,0.09890204,-0.02626372,0.02966488,-0.05619778,0.08200329,0.04898439,0.01969647,-0.01025042,-0.0783584,0.00185322,-0.00681272,-0.01987172,0.49165957
1995,0.00080048,-0.01251397,-0.12424616,-0.12589338,-7.55785663,0.00511137,-0.05731172,-0.03171398,0.07740276,-0.12666624,-0.17897219,-0.10644296,-0.12458789,-0.0456446,0.00086649,0.03228615,0.03982928,-0.06877904,6.642e-05,0.01108332,-0.0838668,-0.04335899,-0.04537906,0.644261,-0.12553704,-0.10038029,-0.10761037,0.02621376,-0.02693326,-0.10173104,-0.07501988,0.02111205,-0.07151429,0.0374631,-0.07751225,-0.1458682,0.00113293,-0.00958436,-0.03017336,0.17465152
1996,-0.00010003,-0.05559102,0.04965937,0.04957833,0.09097178,-0.00657657,0.03830687,-0.00372257,0.12724294,0.0351609,0.04872161,0.0257389,0.04972083,0.03869266,-0.00015514,0.09103883,0.04082555,0.00256246,0.05818181,-0.05466951,0.14645833,0.04096434,0.00322536,0.16453334,0.04978692,-0.04675129,0.0193677,0.08503825,0.01929543,0.02893416,-0.00502283,0.17007902,0.01623464,0.0798272,-0.06246615,0.04543039,0.03606565,0.01742288,0.01146099,0.85828507
1997,-0.00020008,0.05188044,0.14211191,0.14512441,0.06992766,0.01527858,0.01690353,-0.0023532,0.09583707,0.13055298,0.12288688,0.13218667,0.14221452,0.12644714,0.00111128,0.02392991,0.21681352,0.05341037,0.07764661,0.0992939,0.1069588,0.16314296,0.11334714,0.0409904,0.14657382,0.03732255,0.09254223,0.08246977,0.11703682,0.12852797,0.05229634,0.06874949,0.14556596,0.06540405,0.13066886,0.16056735,0.04648526,0.2031734,-0.04812694,0.15757251
1998,0.0,0.16734,0.01407385,0.01394978,0.07383624,0.06904101,0.093282,-0.00222622,0.22303136,0.01409257,0.02877965,0.0103928,0.0143064,0.07884852,0.00046482,0.12856997,1.23599729,0.06230897,0.09682708,0.01920621,0.07883469,0.39052795,0.33168928,0.14483379,0.01585319,0.21164343,0.063747,0.0950986,0.32755217,0.02704767,0.11825408,0.18468102,0.01946402,0.09648617,0.0394491,-0.00055134,0.15344049,0.28363489,-0.01153225,0.11587245
1999,0.0,-0.02586626,0.16905299,0.1685021,0.4503701,0.0012122,0.10015898,-0.00271426,0.20826809,0.04192537,0.16934019,0.16924204,0.16897531,0.03521959,0.00163807,0.04190458,-0.24276844,0.52951301,0.08559594,0.17194752,-0.14129377,-0.16293907,-0.03246719,0.04288281,0.16842974,0.01257275,0.03320791,0.14384914,-0.0451178,0.16961987,0.01360161,0.09911371,0.17086696,0.0863548,0.03966945,0.03648335,-0.03719933,-0.08533393,0.02438946,0.10124549
2000,0.0,0.1042821,,,0.00514957,-0.00020193,0.05879389,1.208e-05,0.17298931,0.14680309,,,,,0.00424389,0.04244368,0.06964785,,-0.01518832,,-0.05354956,-0.05080507,0.0,-0.00988857,,0.14749585,0.12120567,0.03105017,0.12270268,,0.01748531,0.1268661,,0.08251879,0.10320082,0.11650457,-0.03340879,0.05950768,0.06480126,0.11462501
2001,0.0,0.11775073,,,0.25119299,0.04166445,0.16272091,-0.00016913,0.09658946,0.02885588,,,,,0.00093637,0.04815504,0.19751697,,0.03100574,,0.12021257,0.13318537,0.0,-0.01298167,,0.08352595,0.02058525,0.0048022,0.14314459,,0.03866314,0.21456189,,0.15203986,0.11994273,-0.00076934,0.07883128,0.10209231,0.05139938,0.06207229
2002,1.11999289,-0.05056989,,,0.21646512,0.01391449,0.08162368,1.208e-05,0.08523705,-0.05502513,,,,,-1.282e-05,0.02942309,-0.09712258,,0.11913214,,0.02958196,-0.03280762,0.0,0.03431916,,-0.10020068,-0.11939748,0.00276224,0.01191082,,-0.00122775,0.20020703,,0.06660317,-0.06173655,-0.08162765,0.02083165,-0.03456615,-0.04264725,0.47227112
2003,-0.05457515,-0.18223457,,,0.05127618,-0.11428686,0.00360773,1.208e-05,0.13898869,-0.18147487,,,,,-0.00155257,-0.0428547,-0.08212212,,-0.03954497,,-0.07699937,-0.04769184,0.0,0.11059362,,-0.2258878,-0.12011073,-0.01086501,0.04913707,,-0.02711205,-0.33084045,,0.00798698,-0.1852941,-0.14617418,-0.00380036,-0.03459996,-0.08444692,0.32891701
2004,0.0077955,-0.12123039,,,-0.04960025,-0.0733724,-0.12633628,-4.833e-05,-0.0905188,-0.09369838,,,,,0.00020544,-0.02896229,0.04131668,,-0.01595855,,-0.06955366,-0.04008546,0.0,0.0450196,,-0.13193575,-0.04927119,-0.0189509,0.03332946,,-0.03070353,-0.15965,,0.04780268,-0.0948028,-0.07902711,-0.03048468,-0.03141031,-0.11435586,0.15616476
2005,-0.00672733,-0.03499926,,,-0.18367576,-0.07181184,-0.08432815,-0.01010306,-0.12453031,0.00103468,,,,,-0.00149037,-0.02823401,0.08219777,,0.00127095,,0.01796071,-0.11214187,-0.00345332,-0.0357052,,-0.05932174,-0.04533023,-0.03500134,-0.01717012,,-0.01568262,-0.01243688,,-0.0087776,0.01660069,0.00249126,-0.03789593,-0.00047191,0.00675863,0.11079972
2006,0.05056465,0.01212963,,,-0.1135521,-0.06610806,-0.05467346,-0.02738033,0.01721967,-0.00889639,,,,,-0.00120935,0.02668619,-0.05784055,,-0.0071337,,0.05477917,-0.07022859,-0.03241932,0.00110092,,0.08237165,-0.00493359,-0.00651428,-0.07093198,,-0.04656294,0.06190559,,0.03482094,-0.01336695,0.00584212,0.01160339,-0.06084203,-0.01245665,0.01762622
2007,0.01356052,-0.10753134,,,-0.11064942,-0.05492002,-0.01479713,-0.04706192,-0.12759911,-0.08806143,,,,,0.00430324,-0.09292312,-0.00199997,,-0.08127033,,0.01238961,-0.0269226,-0.06499506,0.00201521,,-0.12617638,-0.09036572,-0.04574082,-0.10611,,-0.05281222,0.04067302,,0.06228709,-0.08737894,-0.04346206,0.01058794,-0.16225805,-0.08258049,0.0
2008,0.01544853,-0.01726515,,,-0.06003708,-0.00691786,-7.847e-05,-0.09050044,-0.05467501,-0.06703491,,,,,-0.0019759,0.0522763,0.059253,,-0.13534135,,-0.13014041,0.1678156,-0.03140133,0.0194832,,0.02946298,-0.03815224,-0.06730449,-0.04034989,,-0.06336651,0.15726942,,-0.02121422,-0.02554938,-0.10379679,-0.04135864,0.02329577,0.07647896,-6.9099025
2009,0.16549934,0.07410187,,,0.08615617,0.06816701,0.07092289,-0.01698351,0.09245044,0.05149569,,,,,-0.00447946,0.10782349,0.06881139,,0.09162955,,-0.09862353,0.14851918,0.05660925,0.19173003,,0.11752874,0.10982494,0.02934896,0.07300829,,0.02810212,0.01965285,,0.05925382,0.15048173,0.0040598,0.04645945,0.04008147,0.16903512,0.0
2010,0.04896855,-0.14887988,,,-0.12657583,-0.10271573,-0.09457248,-0.00898516,,0.04902657,,,,,0.00222937,-0.05704888,-0.13361527,,-0.0504063,,-0.06505104,-0.09791511,-0.09073662,-0.06702098,,-0.12657988,-0.03984022,-0.06389453,-0.05540807,,-0.0649099,-0.13954619,,-0.01684119,-0.06039846,-0.04020831,-0.04718939,-0.07912018,0.01353369,0.68375744
2011,0.05339564,-0.11615143,,,-0.0511707,-0.04042556,-0.05350012,-0.04634839,,-0.04966141,,,,,0.0019675,0.02016766,-0.0358365,,-0.04401421,,-0.0965641,-0.04314138,-0.05136691,-0.01564902,,-0.09278775,-0.07612435,-0.02548936,-0.04065113,,-0.08088685,-0.00893801,,-0.02256438,-0.10486255,-0.16333124,-0.06954181,-0.03983668,-0.03762742,0.01172346
2012,0.09884297,-0.00258652,,,0.15542271,0.01056082,0.00577857,-0.02406887,-0.02811677,0.07866824,,,,,-0.00348758,0.13607753,0.06790072,,0.07482639,,0.00150451,0.01721416,0.00970281,0.05685437,,-0.02339101,0.03785007,-0.04303335,-0.02534563,,-0.00622458,0.12316548,,0.14368726,0.04285691,0.05671312,0.00597219,0.01927982,0.01180237,0.0
2013,0.18499962,0.06749308,,,0.09909573,0.03005893,0.01796212,-0.02593044,0.0392282,-0.03071447,,,,,-5.157e-05,0.09194889,0.10839003,,-0.06564563,,0.20110339,-0.02836067,0.02008087,-0.03056737,,-0.01215003,0.01010671,0.02397119,0.00512549,,0.00151982,0.16198961,,0.01174673,-0.03910318,-0.01158438,0.00411898,-0.01162747,0.01354351,0.34707187
2014,0.39150725,0.06938658,,,0.08620747,0.06965285,0.14097929,0.00230711,0.06874562,-0.00033832,,,,,-0.00025788,0.04167618,0.12593657,,-0.00918076,,0.08010576,-0.03948421,0.03865501,0.04175587,,-0.0132135,0.06897699,0.04981181,0.04489417,,0.01223403,0.117133,,0.01148012,0.05164947,-0.01324954,0.02064129,0.05590702,-0.05250423,0.03401138
2015,0.13368618,0.18286346,,,0.34912697,0.14694506,0.13717212,0.01939842,0.31460703,0.18056582,,,,,-0.00027085,0.04972649,0.1208536,,0.08360517,,0.13513782,0.07227491,0.17786093,0.17670515,,0.17181963,0.24786057,0.11307714,0.02458548,,0.08190559,0.1632404,,0.04004214,0.20703219,0.05124956,0.04658902,0.05338439,0.07554352,0.0
2016,0.46933981,0.01211592,,,0.04622136,0.0355576,0.03431841,0.05598962,0.10784768,0.0008025,,,,,0.00127621,0.04707289,-0.00607545,,-0.01278055,,-0.10670165,0.02554697,-0.17786093,0.16197698,,0.00565466,0.04031369,0.04506956,0.04284895,,0.00500709,0.14183246,,0.06904832,0.01494409,0.02320194,0.01606234,0.03034589,0.12404755,0.40864476
2017,0.11535432,-0.03049293,,,-0.08981447,-0.02112083,-0.04243233,0.01705591,-7.3310996,-0.01931877,,,,,0.00398571,-0.03144153,0.00544042,,-0.06480588,,0.03059616,-0.02620138,0.2730316,0.01399294,,-0.02046557,-0.01539166,-0.03163816,0.05950926,,-0.0004344,-0.09819818,,0.04607749,-0.00153119,-0.00071062,-0.05912612,-0.03917538,0.04797968,0.10058724
2018,0.52843845,0.0254251,,,0.13530803,-0.0014652,-0.01171541,-0.0213544,7.29834361,-0.04464453,,,,,0.0057831,0.0491411,0.06200887,,-0.00250341,,-0.0157243,-0.0267701,-0.06367696,0.01660985,,0.02657288,-0.01697167,0.02057496,0.04380461,,-0.02352015,-0.00699164,,0.0636456,0.01665797,-0.00692961,-0.00915179,-0.04921748,-0.03590062,12.94817858
2019,0.53872951,0.07316824,,,0.075413,0.02605068,0.09175313,0.04347868,0.10436093,0.05475545,,,,,0.00019134,0.02910449,-0.00628512,,-0.00855877,,-0.01285166,0.05721091,0.0256647,0.00083108,,0.05492262,0.07888334,0.01508324,-0.01648499,,0.00826939,0.08738389,,0.09546964,0.0846118,0.01229753,0.02623842,-0.03977797,0.03975419,-5.80023164
2020,0.38185879,0.00692044,,,0.26975586,0.00749067,0.12026805,-0.00144823,0.11884352,-0.01968269,,,,,-0.0102565,0.05093822,0.03024954,,-0.03428907,,-0.02076263,0.01272165,0.01438874,0.1095573,,0.00854288,0.06808337,0.04393093,-0.04299617,,0.0145988,0.13023878,,0.0376077,-0.02678253,-0.05182507,-0.04462813,0.00769975,0.0,3.14967543
2021,0.2985608,-0.08548277,,,0.0444248,-0.06641092,-0.0435402,-0.06759633,0.01310509,-0.03943725,,,,,0.00169959,-0.0024321,-0.0189758,,-0.06292742,,0.02752806,-0.03126451,-0.01359195,-0.05834709,,-0.0855013,-0.09223635,0.10593342,-0.00738309,,-0.02680535,-0.10774624,,0.06857825,-0.07125229,-0.02826815,-0.05732547,0.02171834,-0.06624939,2.34081663
2022,0.31747505,0.07974218,,,-0.04364991,0.03733558,0.14035268,0.04371933,0.12832935,0.1278849,,,,,0.00745937,0.06138827,0.03716732,,0.03933739,,0.1808018,0.12172744,0.06036194,-0.00717843,,0.10937001,0.11264244,-0.01192651,0.10078607,,0.02586288,0.10140173,,0.47881501,0.1649127,0.04399489,0.06460117,0.09207251,0.10559337,-13.09192901
2023,0.81901491,0.04310281,,,-0.03339419,0.03643624,-0.03881352,0.05019431,0.01625969,-0.03642985,,,,,-0.00022987,0.04963798,0.02572699,,0.09260615,,0.06612946,0.01063189,0.03559968,-0.12516977,,0.03225382,0.09414456,-0.02439532,0.02092567,,-0.02638404,0.12048652,,0.01933884,0.04786554,-0.06054608,0.04450429,-0.00741455,-0.00841693,1.46099381
2024,1.12828227,0.00688562,,,0.07613533,0.01478022,0.11712851,0.01628397,-0.05939776,0.00088505,,,,,-0.00340315,0.01299032,0.03958187,,0.00395332,,0.0750532,0.04323041,0.00308693,0.02853213,,0.01504979,0.01749212,0.00325533,0.02942092,,-0.00470273,-0.00611071,,-0.08082896,-0.00395685,-0.02045705,0.03016448,0.01378309,-0.02785485,0.29212711
2025,0.30647784,0.0235397,,,0.03645511,0.01994574,0.00660312,-0.00145934,-0.00596157,-0.04071444,,,,,-0.0009488,0.04074551,0.03848747,,-0.06937128,,-0.01296001,0.04183268,-0.06637785,0.05052684,,0.0389625,-0.03356255,0.00085211,0.01314394,,-0.02270245,-0.0252314,,-0.00322026,-0.07297969,-0.05773305,-0.02971517,-0.07114097,-0.03036434,1.22988006
